Mixture,Malignant,Endothelial cells,CAF,T cells CD8,NK cells,Macrophages,T cells CD4,B cells,P-value,Correlation,RMSE
TCGA-3N-A9WB-06A-11R-A38C-07,0.964980934920319,0.000139635217393844,0.0316895458043539,0,0,0.00318988405793328,0,0,0,0.438599675804594,0.902691442200988
TCGA-3N-A9WC-06A-11R-A38C-07,0.61599411913421,0.00155086473583999,0.0875425061321154,0.0762197974303354,0,0.150915975308851,0,0.067776737258648,0,0.659412972655714,0.77811213915155
TCGA-3N-A9WD-06A-11R-A38C-07,0.514118292057478,0.0697684808477389,0.1578219862092,0.0461218406206531,0,0.0962096032249217,0,0.115959797040008,0,0.476133634460044,0.881936679057753
TCGA-BF-A1PU-01A-11R-A18S-07,0.95024559190755,0,0.0451119046581426,0,0,0.000954171638493062,0.000949931955172646,0.00273839984064136,0,0.477495410927111,0.887199519292238
TCGA-BF-A1PV-01A-11R-A18U-07,0.894284827985819,0,0.0890434299046977,0,0,0.00309437637825749,0,0.0135773657312257,0,0.223951035180635,0.983621230272657
TCGA-BF-A1PX-01A-12R-A18T-07,0.635040360744481,0.011816621384076,0.128362199511231,0.0595882120999808,0,0.132920668027746,0,0.0322719382324852,0,0.581380958437288,0.830142491175161
TCGA-BF-A1PZ-01A-11R-A18S-07,0.972881012531008,0,0.0104565744226137,0,0,0.0129447288245084,0,0.00371768422186938,0,0.554345841553793,0.854639214858336
TCGA-BF-A1Q0-01A-21R-A18S-07,0.670592047474323,0.00510864497101558,0.208569920099208,0,0,0.0341627095399201,0,0.0815666779155334,0,0.511230470801335,0.873889537470142
TCGA-BF-A3DJ-01A-11R-A20F-07,0.809011200802804,0,0.0950726334326762,0,0,0.0954130351858241,0.00023926209767953,0.000263868481016262,0,0.457768430177571,0.892621907238264
TCGA-BF-A3DL-01A-11R-A20F-07,0.900877816280429,0,0.0807397126248968,0,0,0.0124082275537319,0.00519712947075759,0.000777114070185094,0,0.549827622789523,0.858732474975738
TCGA-BF-A3DM-01A-11R-A20F-07,0.909495307979995,0,0.0783729601666097,0,0,0.0121317318533956,0,0,0,0.415142475134041,0.912348325429435
TCGA-BF-A3DN-01A-11R-A20F-07,0.904284824704349,0.00234190425156684,0.0787948210658117,0,0,0.0129996784674832,0,0.00157877151078963,0,0.523314493138746,0.869389563071241
TCGA-BF-A5EO-01A-12R-A27Q-07,0.886259971251598,0.000752359383406671,0.0640065243978116,0.00102117574920074,0,0.0410105709818481,0,0.00694939823613556,0,0.54703997245568,0.859203018458281
TCGA-BF-A5EP-01A-12R-A27Q-07,0.956773353284774,0,0.0364487228355298,0,0,0.00560952019782278,0.000492992233027624,0.000675411448846255,0,0.560959180754604,0.852336314263608
TCGA-BF-A5EQ-01A-21R-A27Q-07,0.817665400674729,0.00251448989947884,0.0937943627195462,0.0139517898474903,0,0.0445365524350637,0,0.0275374044236915,0,0.463868362213439,0.893800444249887
TCGA-BF-A5ER-01A-12R-A27Q-07,0.915576304660746,0,0.0566748969618004,0,0,0.0130566889614445,0,0.0146921094160092,0,0.33162249943689,0.944382353475683
TCGA-BF-A5ES-01A-11R-A27Q-07,0.879154510977208,0,0.0733933044284257,0.00121426123561364,0,0.0367783989136594,0,0.00945952444509269,0,0.405880694608864,0.915949799198981
TCGA-BF-A9VF-01A-11R-A37K-07,0.986286706002498,0.000208384646064924,0.00421963145774994,0.00127746765216034,0,0.00597359616475829,0,0.00203421407676794,0,0.559585489434745,0.851902471623295
TCGA-BF-AAOU-01A-12R-A39D-07,0.799069425051388,0,0.157405797926126,3.70700587606722e-05,0,0.0258770622026622,0,0.0176106447610638,0,0.57422282907463,0.849386040724461
TCGA-BF-AAOX-01A-11R-A39D-07,0.942347136717374,0.000303843251024217,0.0170081191535944,0.00775718721028087,0,0.00592222300634204,0,0.0266614906613842,0,0.319872017043231,0.948981155036821
TCGA-BF-AAP0-06A-11R-A39D-07,0.560421796667445,0.0241699662994932,0.121700467845418,0.0548033472957841,0,0.108327772692038,0,0.130576649199822,0,0.623015785459005,0.805427532386797
TCGA-BF-AAP1-01A-11R-A39D-07,0.954852288825457,0,0.0245598319621239,0,0,0.016869239385215,0,0.00371863982720398,0,0.371809954822493,0.929192148021337
TCGA-BF-AAP2-01A-11R-A40A-07,0.924663368081337,0.000357565101524634,0.02744362062132,0.000888290716305755,0,0.0300471796961537,0.00408729009204008,0.012512685691319,0,0.498341550568201,0.87915858104368
TCGA-BF-AAP4-01A-11R-A40A-07,0.82894156172548,0.0009980371527477,0.0329378335503392,0.0523080865053023,0,0.0653479333998155,0,0.0194665476663158,0,0.508223702658053,0.875079789532118
TCGA-BF-AAP6-01A-11R-A40A-07,0.909763417004006,0,0.0685634600062549,0,0,0.0124810618941676,0,0.00919206109557174,0,0.384233476597233,0.924409926814405
TCGA-BF-AAP7-01A-11R-A40A-07,0.735743267453139,0.00216722676385378,0.0927969501779349,0.0470809129733628,0,0.100707923777821,0,0.0215037188538878,0,0.625445527169876,0.818170646372259
TCGA-BF-AAP8-01A-11R-A40A-07,0.775052509427734,0.00094689290778238,0.114006043180148,0.00278248424451295,0,0.0822806179935099,0,0.0249314522463133,0,0.357561102023038,0.934279933093078
TCGA-D3-A1Q1-06A-21R-A18T-07,0.948998446347056,0,0.032825650445969,0,0,0.0181759032069754,0,0,0,0.285313351663659,0.962177412461881
TCGA-D3-A1Q3-06A-11R-A18T-07,0.778046933575052,0.0475752192734627,0.0540322698672824,0,0,0.0530841248710046,0.0127266130193288,0.05453483939387,0,0.428018666860337,0.907716316944695
TCGA-D3-A1Q4-06A-11R-A18T-07,0.374712686839658,0.0241163816537828,0.516666254493267,0.0075496816894157,0,0.0344442478521365,0,0.0425107474717405,0,0.485568312761346,0.874586338892838
TCGA-D3-A1Q5-06A-11R-A18T-07,0.379748385029993,0.0182691695390017,0.577768920003917,0,0,0.00724287198884358,0,0.0169706534382452,0,0.470876405199264,0.882170438071561
TCGA-D3-A1Q6-06A-11R-A18T-07,0.713405794941246,0,0.237641354642254,2.98365952440709e-05,0,0.0275404505707387,0,0.0213825632505167,0,0.39118986030852,0.92105405149065
TCGA-D3-A1Q7-06A-11R-A18T-07,0.399041762705442,0.00374107333120289,0.179175415180301,0.0730331273168534,0,0.281503704280524,0,0.0635049171856775,0,0.49659042717087,0.886156263607317
TCGA-D3-A1Q8-06A-11R-A18T-07,0.499345935309044,0.0180369202862365,0.333372273718675,0.00038781453096925,0,0.12452153084606,0,0.0243355253090153,0,0.437804168910615,0.898937542902327
TCGA-D3-A1Q9-06A-11R-A18T-07,0.850428425895365,0.000192473381823599,0.0419088907551588,0.0159900500314192,0,0.0640776550827652,0,0.0274025048534681,0,0.41659895247668,0.911181423069095
TCGA-D3-A1QA-07A-11R-A37K-07,0.913234510458865,0,0.0253838352822144,0,0,0.0345299131847402,0,0.0268517410741808,0,0.380976547958431,0.925598424257365
TCGA-D3-A1QA-06A-11R-A18T-07,0.94677827220735,0,0.0193502821352632,0,0,0.0236025040103916,0,0.0102689416469957,0,0.495024720927372,0.880076723141099
TCGA-D3-A1QB-06A-11R-A18T-07,0.547332785330926,0,0.0250429095832158,0.115973157573186,0,0.252785442473318,0,0.0588657050393546,0,0.620662355403017,0.784059786051185
TCGA-D3-A2J6-06A-11R-A18T-07,0.842906643596696,0.000209918226272162,0.025313938327081,0.0350837390938296,0,0.047024658982485,0,0.0494611017736361,0,0.376898139067839,0.927185179350407
TCGA-D3-A2J7-06A-11R-A18T-07,0.848373361141378,0.00024347417546606,0.0893273092779347,0.0139165199074892,0,0.0319549342542454,0,0.0161844012434871,0,0.734916147827838,0.781856062473935
TCGA-D3-A2J8-06A-11R-A18T-07,0,0.0291968148229763,0.519437761121361,0.11955855863008,0,0.212262529945874,0.000674065113982497,0.118870270365727,0,0.478050072808474,0.901937341012853
TCGA-D3-A2J9-06A-11R-A18T-07,0.300720902945242,0.0186289102950173,0.0933340793938412,0.153834670528919,0,0.216632486942926,0.0392648029138997,0.177584146980155,0,0.777817376571065,0.640701876253474
TCGA-D3-A2JA-06A-11R-A18T-07,0.419471064777986,0.000391883954736214,0.413794893907093,0.00818829830112302,0,0.1526526228846,0,0.00550123617446193,0,0.416959019773814,0.912022507049129
TCGA-D3-A2JB-06A-11R-A18T-07,0.445122333852567,0.0356880510431533,0.057167625907305,0.0124933429867572,0,0.0841343844783718,0.0469766007734,0.318417660958446,0,0.464290252361783,0.887963495778389
TCGA-D3-A2JC-06A-11R-A18T-07,0.850864763243217,0,0.0601859925886769,0.00462859412767175,0,0.0695792466388366,0.000388599966652338,0.0143528034349454,0,0.645942429772451,0.813394921759653
TCGA-D3-A2JD-06A-11R-A18T-07,0.753873712895829,0.0147593876548503,0.0596444137800661,0.00464870421518474,0,0.0245297389747239,0,0.142544042479346,0,0.550020393894691,0.8590157913531
TCGA-D3-A2JE-06A-11R-A37K-07,0.864148946978806,5.3845977607252e-05,0.117125451858827,0,0,0.00732641356784821,0,0.0113453416169116,0,0.282708715526358,0.962130473031688
TCGA-D3-A2JF-06A-11R-A18S-07,0.721723596684359,0.00426065728858345,0.0823516278360982,0.0337856178178901,0,0.0626312695422803,0,0.0952472308307885,0,0.761812486661157,0.759544180588786
TCGA-D3-A2JG-06A-11R-A18T-07,0.909613701758576,0,0.0739665409888706,0,0,0.0111920566499537,0,0.00522770060259923,0,0.256383915579321,0.972210208505957
TCGA-D3-A2JH-06A-11R-A18T-07,0.628727674182205,0.000235727695624811,0.0441448217620537,0.109776913614155,0,0.183334461305699,0,0.0337804014402624,0,0.733528008541796,0.721957197272188
TCGA-D3-A2JK-06A-11R-A18S-07,0.828186514869971,0.00205349362165455,0.10650793126611,0,0.000259602703229606,0.0413875807253178,0.00317650995260093,0.0184283668611151,0,0.512152773844182,0.874386706253635
TCGA-D3-A2JL-06A-11R-A18S-07,0.790369215148223,2.24139161410731e-05,0.0378590925177611,0.0616647431498115,0,0.064946977326614,0,0.0451375579414491,0,0.469230796325855,0.890703388006623
TCGA-D3-A2JN-06A-11R-A18S-07,0.492462750726142,0.0194270232226602,0.365059885000124,0.0270014963060815,0,0.0514814913441591,0,0.0445673534008333,0,0.438545288680591,0.899726982427051
TCGA-D3-A2JO-06A-11R-A18S-07,0.604693013465514,0.000370362988546938,0.0620330283459726,0.0965954762893862,0,0.178443321855939,0,0.0578647970546413,0,0.510892403385361,0.859834948826024
TCGA-D3-A2JP-06A-11R-A18S-07,0.713213015165943,0.00111530513824673,0.178373276138446,0.0137610942159754,0,0.0916712311704024,0.0018660781709866,0,0,0.598051474761892,0.831654791629798
TCGA-D3-A3BZ-06A-12R-A18S-07,0.258983662298297,0.0666351520549166,0.435788872637569,0.0415810829292931,0,0.081929764776039,0,0.115081465303886,0,0.500837730678874,0.86604061614152
TCGA-D3-A3C1-06A-12R-A18S-07,0.791507451355892,0.00232787951919009,0.149183132461969,0,0,0.0471678730194204,0,0.00981366364352849,0,0.467070925092656,0.891704046810487
TCGA-D3-A3C3-06A-12R-A18S-07,0.770585357147292,0,0.0914299408408351,0.0102594934671864,0,0.104505129027987,0.0154132885126458,0.00780679100405397,0,0.475249581173871,0.884782484538926
TCGA-D3-A3C6-06A-12R-A18U-07,0.927827546035368,0,0.064176653089431,0,0,0.0079958008752008,0,0,0,0.603880008398116,0.834928773266218
TCGA-D3-A3C7-06A-11R-A18U-07,0.647755682741225,0.000639160728710265,0.21181747623066,0.0150998545179315,0,0.124687825781474,0,0,0,0.576531515242947,0.833810922878417
TCGA-D3-A3C8-06A-12R-A18S-07,0.21165062520923,0.00660120019023492,0.138901104440408,0.279833203004518,0,0.26085526399881,0,0.102158603156798,0,0.89531252597454,0.48897990226985
TCGA-D3-A3CB-06A-11R-A18S-07,0.383371327910297,0.0154678956620072,0.104384275048865,0.0702416814155093,0,0.271734342738578,0.000699502021689067,0.154100975203055,0,0.53237194401686,0.867494605096321
TCGA-D3-A3CC-06A-11R-A18S-07,0.822196369440266,0,0.121045730723232,0,0,0.0458741430969203,0,0.0108837567395808,0,0.339666337354609,0.941022263599244
TCGA-D3-A3CE-06A-11R-A18S-07,0.710872364920124,0.000484749833602314,0.063254438309969,0.0289234960702191,0,0.149585711196188,0,0.0468792396698981,0,0.419419414137309,0.908504667908104
TCGA-D3-A3CF-06A-11R-A18T-07,0.696622726594492,0.0213619369076756,0.0649204319854639,0.0140280025211733,0,0.0720255051354459,0,0.131041396855749,0,0.590122757764337,0.832290355382732
TCGA-D3-A3ML-06A-11R-A21D-07,0.999817920416476,0,0.000182079583523967,0,0,0,0,0,0,0.597768478139241,0.834357692176864
TCGA-D3-A3MO-06A-11R-A21D-07,0.779091716459732,0,0.210991659558962,0,0,0.00991662398130598,0,0,0,0.415710352708704,0.911578429235814
TCGA-D3-A3MR-06A-11R-A21D-07,0.600874117305161,0.00755251219404105,0.124908190615072,0.0641808375665111,0,0.138688860537208,0,0.0637954817820074,0,0.380200717043552,0.926819923137624
TCGA-D3-A3MU-06A-11R-A21D-07,0.731000406831023,0.00127030731312918,0.146336746289839,0.017952073791657,0,0.0539503122892056,0,0.0494901534851467,0,0.401163700251337,0.917503971414352
TCGA-D3-A3MV-06A-11R-A21D-07,0.858739597125326,0,0.118889762645855,0,0,0.0223706402288184,0,0,0,0.42741408585409,0.907632648136279
TCGA-D3-A51E-06A-11R-A266-07,0.781091052816251,0.000220373066089954,0.032248688601741,0.0373234040005725,0,0.108410270795362,0,0.0407062107199837,0,0.389225504636917,0.921567367169153
TCGA-D3-A51F-06A-11R-A266-07,0.234564881520982,0.00199907302579938,0.205041684801141,0.179997910216806,0,0.346390294445664,0,0.0320061559896075,0,0.827654953104077,0.563014931662237
TCGA-D3-A51G-06A-11R-A266-07,0.481704991016423,0,0.450893340480843,0.01334204439232,0,0.0363037006593887,0,0.0177559234510255,0,0.459282340638786,0.888815141114304
TCGA-D3-A51H-06A-12R-A266-07,0.184418019798097,0.0242690144164827,0.0785559277931616,0,0,0.0452636294835542,0.085568407740442,0.581925000768263,0,0.890483555389668,0.494001932332796
TCGA-D3-A51J-06A-11R-A266-07,0.684647668189442,0.00121033758674288,0.0682675781378417,0.059782437326391,0,0.122133931325927,0,0.0639580474336545,0,0.49402068179586,0.872874267888988
TCGA-D3-A51K-06A-11R-A266-07,0.75974008465852,0,0.0276992092399493,0.0175040929701917,0,0.105344966875796,0,0.0897116462555428,0,0.272503570794481,0.973417079927715
TCGA-D3-A51N-06A-11R-A266-07,0.791478591952512,0.0114653401778016,0.0600902960279515,0,0,0.126996897670753,0.00319608305589827,0.0067727911150835,0,0.62517089344202,0.809692183684042
TCGA-D3-A51R-06A-11R-A266-07,0.159024769566683,0,0.779534256621669,0.0344512089238228,0,0.000887307932500068,0,0.026102456955325,0,0.279872031260517,1.01166992374076
TCGA-D3-A51T-06A-11R-A266-07,0.853092273925805,0.000436062761439037,0.0803662168863203,0.00255257581422254,0,0.0391566501283051,0.000760131342177478,0.0236360891417306,0,0.582310620325407,0.845616024400992
TCGA-D3-A5GL-06A-11R-A27Q-07,0.95917880978521,0,0.0324940603341332,0,0,0.00832712988065716,0,0,0,0.59542545671632,0.837443044365732
TCGA-D3-A5GN-06A-11R-A27Q-07,0.742638261292606,0.000595263622092428,0.173051073632588,0.00759183386322957,0,0.0523494357819375,0,0.0237741318075464,0,0.453587830450452,0.896831304876604
TCGA-D3-A5GO-06A-12R-A27Q-07,0.805286107855978,0.0031424351905329,0.0970512758537351,0.0170832817482499,0,0.0446932810773415,0,0.0327436182741628,0,0.73045901398938,0.783476989416809
TCGA-D3-A5GR-06A-11R-A27Q-07,0.48728336229737,0.0337070046471381,0.250260405827335,0.0136570860747537,0,0.0704230664366424,0,0.144669074716761,0,0.441023757753223,0.898083975968561
TCGA-D3-A5GS-06A-11R-A27Q-07,0.75690276404147,0.000629112267664146,0.0772009833597616,0.0282982567147234,0,0.101086952487839,0,0.0358819311285424,0,0.578591012783616,0.837798143134818
TCGA-D3-A5GT-01A-12R-A311-07,0.969424224126442,0,0.0172937496357456,0,0,0.00760565544839234,0.000187759387971078,0.00548861140144907,0,0.439870134507655,0.902236298651468
TCGA-D3-A5GU-06A-11R-A27Q-07,0.833018027695842,0.000372439842769504,0.0370614193911276,0,0,0.0977592835967585,0,0.0317888294735025,0,0.626454776876934,0.813992083126944
TCGA-D3-A8GB-06A-11R-A37K-07,0.522655385771803,0.00899409379009895,0.222157160826147,0.0608468254156776,0,0.0710554455213763,0,0.114291088674897,0,0.717993820854827,0.770598961368115
TCGA-D3-A8GC-06A-11R-A37K-07,0.852233614015858,0,0.0820050025570619,0,0,0.0373567340394444,0,0.0284046493876355,0,0.246783131938312,0.975233063907393
TCGA-D3-A8GD-06A-11R-A37K-07,0.532981005157348,0.00860968335000816,0.0373268693140746,0.0847091850036823,0,0.165187834290976,0,0.171185422883911,0,0.709401588947992,0.722878698071421
TCGA-D3-A8GE-06A-11R-A37K-07,0.123272239100277,0.00313732547470114,0.695869722609523,0.0322212329747577,0,0.0773586258795206,0,0.0681408539612207,0,0.361972047584627,0.956988378632771
TCGA-D3-A8GI-06A-11R-A37K-07,0.799858972242422,0.00078346231688141,0.160714516112843,0,0,0.0300251305482243,0,0.00861791877962912,0,0.319598197798555,0.948392661809929
TCGA-D3-A8GJ-06A-11R-A37K-07,0.595593345764029,0.000560275361801039,0.057576655603822,0.129151594108396,0,0.165189365605718,0,0.0519287635562338,0,0.52962030304761,0.850224917696818
TCGA-D3-A8GK-06A-11R-A37K-07,0.973925786891564,0,0.0178671011408326,0,0,0.00231861640320904,0,0.00588849556439426,0,0.304637420799051,0.955239453272545
TCGA-D3-A8GL-06A-11R-A37K-07,0.982055439795536,0,0.0145075487547689,0,0,0.000188519444320449,0,0.00324849200537433,0,0.371350053286356,0.929456891455022
TCGA-D3-A8GM-06A-11R-A37K-07,0.820978073407686,0.00163710905962179,0.0537720726772974,0.026085619657182,0,0.0502092244537027,0,0.0473179007445098,0,0.351983863320752,0.936517782135025
TCGA-D3-A8GN-06A-11R-A37K-07,0.616068770623839,0.0039099163387622,0.129365930923066,0.0545099084530886,0,0.122930686982681,0,0.0732147866785638,0,0.432259774860767,0.901855523320771
TCGA-D3-A8GO-06A-11R-A37K-07,0.689003338824398,0.0483026943433741,0.121905740973597,0,0,0.0246706342259927,0,0.116117591632638,0,0.54559138990451,0.863298920037624
TCGA-D3-A8GP-06A-11R-A37K-07,0.972417026525313,0,0.0189514663991515,0,0,0.00475832175139652,0,0.00387318532413876,0,0.398442515129239,0.918748611532537
TCGA-D3-A8GQ-06A-11R-A37K-07,0.515412004583112,0,0.419206206481223,0,0,0.0535722832806215,0,0.0118095056550429,0,0.322265332378311,0.951488846420451
TCGA-D3-A8GR-06A-11R-A37K-07,0.935506007158154,0,0.0417400935121245,0,0,0.0182958714379636,0.00445802789175742,0,0,0.339492870619291,0.941532158016229
TCGA-D3-A8GS-06A-12R-A37K-07,0.706314833875369,0.000897706202219314,0.0219032037008005,0.0736655127367912,0,0.13489392934515,0,0.06232481413967,0,0.62771064602192,0.801514996280981
TCGA-D3-A8GV-06A-11R-A37K-07,0.903452214325935,0.000140115439608286,0.0802069699357831,0,0,0.0146448675546129,0,0.00155583274406026,0,0.637672258747806,0.821309197538112
TCGA-D9-A148-06A-11R-A18S-07,0.906386306396678,0,0.0343983263787798,0.0105091283387038,0,0.0321063142835195,0,0.0165999246023191,0,0.402787258715062,0.917283775962582
TCGA-D9-A149-06A-11R-A18S-07,0.772456115905836,0.000213860822309464,0.0330295069203824,0.0477855399615779,0,0.0932477579600006,0,0.0532672184298935,0,0.451081944253304,0.895229884070971
TCGA-D9-A1JW-06A-11R-A18S-07,0.815842843113967,0.00127971096576125,0.0110682502050519,0.0232013508653318,0,0.104082707414536,0,0.044525137435352,0,0.543577671602834,0.851769980048119
TCGA-D9-A1JX-06A-11R-A18S-07,0.860967750987611,0.000101984953941829,0.0141431519789015,0.0116274534715118,0,0.111253820765917,0,0.00190583784211693,0,0.52532739658094,0.860462712157411
TCGA-D9-A1X3-06A-11R-A18S-07,0.969837774137302,0,0.0243944669642192,0,0,0.0018500741739798,0,0.00391768472449939,0,0.334443845386417,0.943765740069589
TCGA-D9-A3Z1-06A-11R-A239-07,0.665444495311134,0.000150547646197423,0.0241699765692377,0.080008106123705,0,0.156730264843605,0,0.0734966095061208,0,0.340741940203212,0.949789989447873
TCGA-D9-A3Z3-06A-11R-A239-07,0.760144530331208,0.00574363173869407,0.0793112097578905,0.00740338154457239,0,0.0764928339958314,0,0.0709044126318035,0,0.454571539188153,0.894478804691147
TCGA-D9-A3Z4-01A-11R-A239-07,0.810704116340328,0.000557363379277936,0.104607663673898,0,0,0.069667384094892,0.0071236255275378,0.00733984698406705,0,0.484499468611819,0.883604636677057
TCGA-D9-A4Z2-01A-11R-A24X-07,0.890840134448766,0,0.0852783134136769,0,0,0.0236783928092338,0,0.000203159328323491,0,0.622408085390211,0.828005531421398
TCGA-D9-A4Z3-01A-11R-A266-07,0.900811286683508,0,0.0426717628314397,0,0,0.056516950485052,0,0,0,0.389793185638275,0.921831836840746
TCGA-D9-A4Z5-01A-11R-A266-07,0.795951052396803,0,0.135047572425031,0,0,0.0633206219303257,0,0.0056807532478406,0,0.338528989434509,0.941498242367991
TCGA-D9-A4Z6-06A-12R-A266-07,0.925246396828964,0.000123404430903052,0.056525150623787,0,0,0.00558627674463707,0.0124172082533783,0.000101563118330711,0,0.264244609258376,0.969430881106711
TCGA-D9-A6E9-06A-12R-A311-07,0.493190136600892,0.000852502580704475,0.0361590053349941,0.138563484581962,0,0.271376615997268,0,0.0598582549041784,0,0.754071708490544,0.663889388666999
TCGA-D9-A6EA-06A-11R-A311-07,0.943747222983551,8.56336094893251e-05,0.0164626480838759,0.00147742098111156,0,0.0312409960197265,0,0.0069860783222459,0,0.438340887628919,0.902875383871507
TCGA-D9-A6EC-06A-11R-A311-07,0.925345847406897,0,0.0421531104994237,0,0,0.0228700265589118,0,0.009631015534768,0,0.48450520626789,0.884806753831439
TCGA-D9-A6EG-06A-12R-A32P-07,0.933007541954873,0,0.0588787191608116,0,0,0.00811373888431551,0,0,0,0.354597746347964,0.935760150156361
TCGA-DA-A1HV-06A-21R-A18S-07,0.73882862046146,0.00879464891278927,0.0456406756437718,0.0196287512546113,0,0.150072224182791,0,0.0370350795445769,0,0.672543318914762,0.773602518632495
TCGA-DA-A1HW-06A-11R-A18U-07,0.824812133499278,0.00175085604790678,0.0391701111880833,0.0186910458423824,0,0.0976329572878319,0.00911901543013379,0.00882388070438358,0,0.345626538709557,0.939479099553551
TCGA-DA-A1HY-06A-11R-A18T-07,0.652263061855557,0,0.321559666810164,0,0,0.0123725759849871,0,0.013804695349292,0,0.435403538147377,0.902115788539526
TCGA-DA-A1I0-06A-11R-A20F-07,0.653867866194614,0.0443459930579666,0.17822142812943,0.00415997247487849,0,0.0553669686216513,0,0.064037771521459,0,0.433341478682743,0.904746597492239
TCGA-DA-A1I1-06A-12R-A18U-07,0.713120978425168,0.000726700872612781,0.101873886995267,0.0281152131703518,0,0.0977367017641581,0,0.0584265187724431,0,0.503848279484108,0.871401221697854
TCGA-DA-A1I2-06A-21R-A18U-07,0.812073848735786,0.00154329443398903,0.0680154424988874,0.0066842065526816,0,0.0837814020178725,0,0.0279018057607831,0,0.370597611200839,0.929183825939975
TCGA-DA-A1I4-06A-11R-A18U-07,0.727834563887759,0.000326878095346056,0.198667900360647,0,0,0.067554938386035,0.00561571927021257,0,0,0.509820820352498,0.872438454153507
TCGA-DA-A1I5-06A-11R-A18T-07,0.661199851500262,0.00261963076253137,0.143267644392169,0.0107981484180908,0,0.149445977172527,0.0105313236831997,0.0221374240712206,0,0.642978952959989,0.792557167265943
TCGA-DA-A1I7-06A-22R-A18S-07,0.621518893159283,0,0.322573250849037,0,0,0.0496475482241363,0.00359108854416369,0.00266921922337937,0,0.467552666588968,0.887872488398783
TCGA-DA-A1I8-06A-11R-A18T-07,0.767235979620487,0.00061144158667864,0.198965388254103,0,0,0.0331871905387311,0,0,0,0.438905056133741,0.902547210462343
TCGA-DA-A1IA-06A-11R-A18S-07,0.970702567657109,0,0.00997008703855093,0,0,0.0153074607284569,0.000517348819808955,0.00350253575607472,0,0.438676879577437,0.902642026985981
TCGA-DA-A1IB-06A-11R-A18S-07,0.315882947648957,0.0244147216829223,0.096213463717123,0.0342718865698936,0,0.150969789221644,0.0599757589947114,0.318271432164749,0,0.612233933072135,0.791214548663909
TCGA-DA-A1IC-06A-11R-A18S-07,0.939804891633924,0.000962460571396415,0.0270267797567362,0,0,0.0261329435633322,0,0.00607292447461102,0,0.343009182602554,0.940241825740861
TCGA-DA-A3F2-06A-11R-A20F-07,0,0.015731404427007,0.134595359306131,0.223644977492923,0,0.386787236244814,0,0.239241022529126,0,0.31899010799135,1.19007018226839
TCGA-DA-A3F3-06A-11R-A20F-07,0.954485150512171,0,0.00734977482944601,0,0,0.0245315897768395,0,0.0136334848815438,0,0.524612683510899,0.867610709213423
TCGA-DA-A3F5-06A-11R-A20F-07,0.772951029918502,0.000856699905282645,0.196207394935547,0,0,0.0193395492895068,0.00500835402898439,0.00563697192217685,0,0.104858843121852,1.02506108392382
TCGA-DA-A3F8-06A-11R-A20F-07,0.573676013895532,0.00393993015137577,0.045216435141675,0.100696798848748,0,0.249963332838902,0,0.0265074891237677,0,0.735203096949857,0.692460848268679
TCGA-DA-A95V-06A-11R-A37K-07,0.764535591126973,0.00721415949956411,0.0444742603481277,0.015257375809713,0,0.102170065816642,0,0.0663485473989804,0,0.32198688755176,0.950477990451112
TCGA-DA-A95W-06A-11R-A37K-07,0.891491822985293,0.000196777157769757,0.0183305955906535,0,0,0.0746914418989618,0.00353350527338246,0.0117558570939392,0,0.379764470300269,0.925675488210877
TCGA-DA-A95X-06A-11R-A37K-07,0.854479100187373,0,0.0716869751480986,0.00681660817730404,0,0.0570563165696792,0,0.00996099991754544,0,0.494574411809747,0.88017489672784
TCGA-DA-A95Y-06A-11R-A37K-07,0.958170755362257,0.00554140170819788,0.0193448538593719,0,0,0.0122833520127298,0,0.00465963705744319,0,0.580568898395346,0.844284000447146
TCGA-DA-A95Z-06A-11R-A37K-07,0.947884867127769,4.52014296162247e-05,0.0136337683606377,0,0,0.0297099159076414,0,0.0087262471743355,0,0.372252672244956,0.928988686025121
TCGA-DA-A960-01A-11R-A37K-07,0.939152009851803,0.000914995602523732,0.0196912361672624,0,0,0.0155367103700369,0,0.0247050480083741,0,0.354615063707199,0.935849554660966
TCGA-EB-A1NK-01A-11R-A18T-07,0.857555815882892,0.00416487166646029,0.10137751344605,0.000366723522813574,0,0.0223736625856498,0,0.0141614128961341,0,0.447906913831102,0.900100071026717
TCGA-EB-A24C-01A-11R-A18T-07,0.90790956817145,0,0.0834724891384933,0,0,0.00748945876701363,0,0.00112848392304269,0,0.373210926850457,0.928560442296754
TCGA-EB-A24D-01A-11R-A18T-07,0.94841081299026,0,0.0271025026563808,0,0,0.0115503900999392,0,0.0129362942534197,0,0.41036841011761,0.914218761158247
TCGA-EB-A299-01A-21R-A18U-07,0.767531549107666,0.00289976953301765,0.189825753549417,0,0,0.0382052811473846,0,0.0015376466625151,0,0.619989998464817,0.828318428867508
TCGA-EB-A3HV-01A-11R-A21D-07,0.853621081676612,0.0024503035021198,0.0968118536687074,0,0,0.0429432599601436,0.000431037997356918,0.00374246319506053,0,0.693110502629121,0.797132195485028
TCGA-EB-A3XB-01A-11R-A239-07,0.901487591925345,0.000205109031414024,0.0255814333933386,0.0190655338620578,0,0.0312669066477367,0,0.0223934251401077,0,0.410968026039214,0.914277999331469
TCGA-EB-A3XC-01A-11R-A239-07,0.815581729133738,0.00188793715798994,0.126149329817286,0,0,0.0362588459220244,0,0.0201221579689615,0,0.407153807305178,0.915546570581747
TCGA-EB-A3XD-01A-22R-A239-07,0.578487234578857,0.0152151166663312,0.23071930439231,0.0277726446796988,0,0.0856282748609035,0,0.0621774248218992,0,0.510612465583154,0.868593093500648
TCGA-EB-A3XE-01A-12R-A239-07,0.825795666407617,0.00448781406920456,0.0790636168726765,0.0169185977451651,0,0.0301871441729109,0,0.0435471607324254,0,0.697080050683382,0.800428850177718
TCGA-EB-A3XF-01A-31R-A239-07,0.880497911944148,0,0.0634099022043859,0,0,0.0533839973315899,0.000241527826167984,0.00246666069370802,0,0.520988174382232,0.869053149726053
TCGA-EB-A3Y6-01A-21R-A239-07,0.913259358912557,0,0.0585033474969049,0,0,0.022427270729871,0,0.00581002286066744,0,0.515467618260822,0.872409687806636
TCGA-EB-A3Y7-01A-11R-A239-07,0.950850177502719,0.00104914109440753,0.0385487602924788,0,0,0.0047345472638491,0,0.00481737384654565,0,0.595781537877186,0.837882980215654
TCGA-EB-A41A-01A-11R-A24X-07,0.922406073456891,0.000734563910729982,0.0510309141604011,0,0,0.0102782848202686,0.00885940537484368,0.00669075827686511,0,0.315502804115519,0.95042908390372
TCGA-EB-A41B-01A-11R-A24X-07,0.935032386444232,6.9053274619626e-05,0.0102629721027456,0.0158451529259639,0,0.0228627021815214,0,0.0159277330709172,0,0.356353540519065,0.935169056723443
TCGA-EB-A42Y-01A-12R-A24X-07,0.706992203280491,0.000498686619201587,0.200504537453255,0.013913921531445,0,0.0610673619188573,0,0.0170232891967497,0,0.423417427160784,0.908225954629508
TCGA-EB-A42Z-01A-12R-A24X-07,0.888118799108501,0.00232798541327712,0.0480853660745514,0.0100294138062908,0,0.0128948854549064,0,0.038543550142473,0,0.672065932279843,0.809958239843236
TCGA-EB-A430-01A-11R-A24X-07,0.900995892753423,0.0005129703567929,0.0433870992520408,0.0187823168378487,0,0.015103548576931,0,0.0212181722229635,0,0.477930273125024,0.888739782619461
TCGA-EB-A431-01A-11R-A266-07,0.974713445523102,0,0.00932766940116846,0,0,0.00729957094825218,0,0.00865931412747715,0,0.497307323073195,0.8787268456254
TCGA-EB-A44N-01A-11R-A266-07,0.750700257635044,0.00820002490954576,0.162552079039721,0.00514845905785024,0,0.0325654877304138,0,0.0408336916274258,0,0.450166568504954,0.899378934134453
TCGA-EB-A44O-01A-11R-A266-07,0.952147660449288,0,0.0286105896325233,0,0,0.00978436412501609,0,0.00945738579317228,0,0.418407947924132,0.911000455642711
TCGA-EB-A44P-01A-11R-A266-07,0.934348280934309,0.000151224319625135,0.0461430607677611,0.0029445081255827,0,0.0118957701030273,0,0.00451715574969466,0,0.548689289944259,0.858491308269074
TCGA-EB-A44Q-06A-11R-A266-07,0.618323436367409,0.00106810562165771,0.0181856884202409,0.0873582819872467,0,0.192730035523059,0,0.0823344520803858,0,0.70929219166008,0.726048052285519
TCGA-EB-A44R-06A-41R-A266-07,0.784382693798635,0,0.0649236493103718,0.0446599702684863,0,0.0908824563156738,0,0.0151512303068326,0,0.332126837418556,0.944413471958272
TCGA-EB-A4IQ-01A-12R-A266-07,0.876557334007887,0.00493421703909026,0.0698101546499991,0.00207254132251529,0,0.0114743837928754,0,0.0351513691876329,0,0.324836330163429,0.946638336934372
TCGA-EB-A4IS-01A-21R-A266-07,0.532789114779659,0.00225711507558302,0.187305243748473,0.0252767082250319,0,0.0845323970521387,0,0.167839421119114,0,0.594832152790734,0.821003651297024
TCGA-EB-A4OY-01A-11R-A266-07,0.833827610429282,0.00049694284046689,0.0211805256929375,0.0237553066243483,0,0.0573441734119258,0,0.0633954410010397,0,0.289791588044102,0.960522454305087
TCGA-EB-A4OZ-01A-12R-A266-07,0.539569315923028,0.0288748979283377,0.139909050255465,0.0809354525082326,0,0.152675116535269,0,0.0580361668496671,0,0.680312171327536,0.76686675822141
TCGA-EB-A4P0-01A-41R-A266-07,0.867112079851732,0.00214875063778851,0.0781029817165435,0.00263115216312895,0,0.0241241305878479,0,0.0258809050429595,0,0.56788752150075,0.852566790063402
TCGA-EB-A4XL-01A-11R-A27Q-07,0.86842212091417,0.00395498819198569,0.0752208205683506,0.000837374910256991,0,0.0416253192509374,0,0.0099393761642998,0,0.671368778093319,0.806844377204894
TCGA-EB-A51B-01A-11R-A27Q-07,0.938663268813867,0.000185423453604565,0.0404610291899808,0.00396772120620241,0,0.0118037637615984,0,0.00491879357474709,0,0.299936652684674,0.956459843469483
TCGA-EB-A550-01A-61R-A27Q-07,0.774464038068165,0.00140383108651269,0.143119146280844,0.00801865329308913,0,0.0572795476123351,0,0.0157147836590541,0,0.326272707781768,0.94598992915375
TCGA-EB-A551-01A-21R-A27Q-07,0.648710732047109,0,0.0903504378880597,0.0523589149120056,0,0.147764000471037,0,0.0608159146817889,0,0.41520701091862,0.910569798291929
TCGA-EB-A553-01A-12R-A27Q-07,0.698447666584916,0.00190691418065019,0.154066278203609,0.0283924053459177,0,0.0560156313647687,0,0.0611711043201388,0,0.383443703321809,0.924230504875358
TCGA-EB-A57M-01A-51R-A311-07,0.612878412961284,0.0222092499525219,0.306780925806773,0.00120553111095458,0,0.0353704907226499,0,0.021555389445817,0,0.437787646624025,0.901504372221937
TCGA-EB-A5FP-01A-11R-A27Q-07,0.978871559304332,0.000476447129906177,0.0186939568965873,0,0,0.00146663554102796,0.000400756426831058,9.06447013154615e-05,0,0.560886658238289,0.851498522754975
TCGA-EB-A5KH-06A-11R-A27Q-07,0.907899479781085,0.00692020694466882,0.0612080199325499,0,0,0.00756567704568121,0,0.0164066162960155,0,0.422783781223681,0.909764726104737
TCGA-EB-A5SE-01A-11R-A311-07,0.970710621004007,0,0.0187024466378861,0,0,0.00672767228858448,0,0.0038592600695223,0,0.471734642412572,0.889248115838053
TCGA-EB-A5SF-01A-11R-A311-07,0.811478351999011,0.0145999884678218,0.138054829496001,0,0,0.0252922597660124,0,0.0105745702711532,0,0.230120075749824,0.980405830441746
TCGA-EB-A5SG-06A-11R-A311-07,0.528554333864449,0.00121041243784067,0.0735305899109952,0.10341776335264,0,0.208730875224633,0,0.0845560252094429,0,0.534440035213293,0.845625901620205
TCGA-EB-A5SH-06A-11R-A311-07,0.842197182094658,0.0448047055870788,0.0183932400381595,0,0,0.0311205196498104,0,0.0634843526302933,0,0.311009322491533,0.951633279153943
TCGA-EB-A5UL-06A-11R-A311-07,0.804935945110314,0.00186520089865164,0.0298976219852697,0.0420102150139503,0,0.0395301368506054,0,0.0817608801412094,0,0.316870207138648,0.949613122617452
TCGA-EB-A5UM-01A-11R-A311-07,0.884566116764805,0.00442860382488775,0.0205695622772398,0.0139637004464758,0,0.0242546041752727,0,0.0522174125113186,0,0.648392542380782,0.819051265095672
TCGA-EB-A5UN-06A-11R-A311-07,0.944742190329686,0,0.0491284769809695,0,0,0.00396598082705662,0.00216335186228818,0,0,0.625632586851834,0.824974121662407
TCGA-EB-A5VU-01A-21R-A32P-07,0.889332730566281,0,0.079834141485376,0,0,0.0308331279483427,0,0,0,0.431617042309557,0.90588722990936
TCGA-EB-A5VV-06A-11R-A32P-07,0,0.085346055660414,0.0304734546350934,0,0,0.0601794163851899,0.208396632011652,0.61560444130765,0,0.869695820806787,0.50180776683026
TCGA-EB-A6L9-06A-11R-A32P-07,0.513544046447318,0.0587720569460758,0.0646256959611587,0.00153913545312308,0,0.0557920879761325,0.035505177548652,0.27022179966754,0,0.615770890977733,0.806919528351403
TCGA-EB-A6QY-01A-12R-A32P-07,0.882850454020057,0.00146965710395912,0.0614158890843682,0.00557022562654096,0,0.0205894034734882,0,0.0281043706915869,0,0.299930517473642,0.955818360686594
TCGA-EB-A6QZ-01A-12R-A32P-07,0.941845544456884,0.00259878362768122,0.0455366939012664,0,0,0.00857141619025544,0.00144756182391342,0,0,0.5750924413027,0.847004934858225
TCGA-EB-A6R0-01A-12R-A32P-07,0.807348918563052,0.000235334306708051,0.0277784208950302,0.0706851440865651,0,0.0731384072087959,0,0.0208137749398488,0,0.579102902505665,0.844994924797939
TCGA-EB-A82B-01A-11R-A352-07,0.763242643701389,0.00204290450732709,0.0694916345301902,0.020733645303183,0.00242649358578476,0.0722276121631488,0,0.0698350662089769,0,0.270524945730574,0.968300943152082
TCGA-EB-A82C-01A-11R-A352-07,0.958410325191542,0,0.0353814632779581,0,0,0.00166857316221748,0,0.00453963836828244,0,0.464926728574793,0.892214077144971
TCGA-EB-A85I-01A-11R-A352-07,0.835849987982463,0.000394037973363941,0.115461775704264,0.0199709523672272,0,0.0242922430336424,0,0.00403100293904011,0,0.698528955213723,0.798590666103971
TCGA-EB-A85J-01A-12R-A352-07,0.702754959479859,0.000120579682973472,0.0251442890216786,0.091104600312104,0,0.108305541002029,0,0.0725700305013557,0,0.61490451475614,0.815854359024535
TCGA-EB-A97M-01A-11R-A38C-07,0.830738400340222,0.000585042545377497,0.0411848489396697,0.0211982351324651,0,0.0648939432456772,0,0.0413995297965883,0,0.530662580625294,0.864405214963209
TCGA-EE-A17X-06A-11R-A18S-07,0.910724682991846,0.0015756334701747,0.0325512366079605,0.0117656648976452,0,0.031979352513997,0,0.0114034295183771,0,0.363029625015961,0.932512587553381
TCGA-EE-A17Y-06A-11R-A18T-07,0.715530133633373,0.00136650866440836,0.271219754457074,0,0,0.00579806328291891,0.00265582470173079,0.00342971526049508,0,0.245487533457082,0.977077071136518
TCGA-EE-A17Z-06A-11R-A18S-07,0.911063034888893,7.21193808881374e-05,0.0748722152033457,0,0,0.0128710782894005,0.000104632900503128,0.00101691933696951,0,0.285632833604374,0.961530495220814
TCGA-EE-A180-06A-11R-A21D-07,0.971431810388598,0,0.0124670592230127,0,0,0.0125544253419627,0.00236154787604975,0.00118515717037718,0,0.503977979973909,0.875921452017974
TCGA-EE-A181-06A-11R-A18S-07,0.73770641196615,0.00607646701625947,0.0245226316646391,0.0366781427757977,0,0.121152908826865,0,0.0738634377502881,0,0.511441653966649,0.863778435031804
TCGA-EE-A182-06A-11R-A18T-07,0.769186222358373,0.000132521608585716,0.0839015198509133,0.00482168186992336,0,0.132636341175571,0,0.00932171313663332,0,0.30010795405249,0.961359659850981
TCGA-EE-A183-06A-11R-A18S-07,0.489064189667107,0.0626567916654208,0.0990946895300655,0.0386372462503341,0,0.0758734067684741,0,0.234673676118598,0,0.512369202743826,0.861211553948409
TCGA-EE-A184-06A-11R-A18S-07,0.922935558928095,0,0.0132841238090228,0.0113867550708678,0,0.0384458992036074,0,0.0139476629884072,0,0.443542027035526,0.900978137962673
TCGA-EE-A185-06A-11R-A18S-07,0.982961764503025,0,0.0140542765979373,0,0,0,0.000732168042475271,0.00225179085656232,0,0.28758151673499,0.961940638395258
TCGA-EE-A20B-06A-11R-A18U-07,0.707531047174146,0,0.185921282146766,0.0111447517572283,0,0.0825828358568908,0,0.0128200830649693,0,0.432748449176471,0.903584104069865
TCGA-EE-A20C-06A-11R-A18S-07,0.984020448433107,0,0.0010441301590411,0,0,0.0105803115600172,0.00435510984783449,0,0,0.57422855650384,0.845713908020227
TCGA-EE-A20F-06A-21R-A18S-07,0.763380093386508,0.00520244941994828,0.0756680843245353,0.0353036481453111,0,0.0662895962557297,0,0.054156128467968,0,0.542983861461025,0.860024846121418
TCGA-EE-A20H-06A-11R-A18S-07,0.706844810683279,1.17034866487685e-05,0.239048652871602,0.00420819922383398,0,0.0202382465285,0,0.029648387206136,0,0.348502407606113,0.937473845115014
TCGA-EE-A20I-06A-11R-A18U-07,0.845636247058519,0,0.0682833403622637,0.0158969065444637,0,0.0441648708757428,0,0.0260186351590105,0,0.353271012706845,0.936037078541673
TCGA-EE-A29A-06A-12R-A18U-07,0.819709902927025,0,0.169896967204201,0,0,0.00808745893612853,0,0.00230567093264613,0,0.610734369281997,0.832813653408779
TCGA-EE-A29B-06A-11R-A18U-07,0.882153536195943,7.92780223006054e-05,0.0102132669160651,0.0107986743455796,0,0.0738357794851435,0,0.022919465034968,0,0.436512584382789,0.90239360900875
TCGA-EE-A29C-06A-21R-A18S-07,0.637347068578356,0.00280048025222066,0.257204270042743,0.00601195539902782,0,0.0574492883593454,0,0.0391869373683073,0,0.351942710976156,0.936225219212992
TCGA-EE-A29D-06A-11R-A18T-07,0.946737541383194,0,0.0313524731541062,0,0,0.0165692539646886,0,0.00534073149801119,0,0.399185543673913,0.918521610040528
TCGA-EE-A29E-06A-11R-A18T-07,0.937901638388755,0,0.0456308891893383,0,0,0.00182954403933851,0,0.0146379283825685,0,0.559534456681732,0.854083287358268
TCGA-EE-A29G-06A-12R-A18T-07,0.761897906506865,0.000838133470430035,0.130544259108861,0.00824634003291409,0,0.0714637366557226,0,0.0270096242252073,0,0.421658678245889,0.908816636964285
TCGA-EE-A29H-06A-12R-A18S-07,0.85759155899576,0.00899471961582106,0.0662872872470557,0.00289303704065271,0,0.0274653637845463,0,0.0367680333161645,0,0.418612826006092,0.911626506788857
TCGA-EE-A29L-06A-12R-A18S-07,0.998294582129586,0,0,0,0,0,0,0.00170541787041346,0,0.365210201431955,0.931949024066427
TCGA-EE-A29M-06A-11R-A18T-07,0.895544252334281,5.76465968679651e-05,0.0163463577536878,0.0112670570193003,0,0.0380468616080493,0,0.0387378246878141,0,0.437037672985971,0.903791482935545
TCGA-EE-A29N-06A-12R-A18S-07,0.771592694387739,0.00456594527942302,0.064568407739211,0.0207502056149312,0,0.0578061302656407,0,0.0807166167130547,0,0.530752933399182,0.864723513030288
TCGA-EE-A29P-06A-11R-A18T-07,0.620247220583301,0.000557781024341754,0.0465166812594029,0.0973428096036931,0,0.178904627762208,0,0.056430879767053,0,0.730568984254318,0.722014530114365
TCGA-EE-A29Q-06A-11R-A18T-07,0.962935879690254,0,0.0240132686028122,0,0,0.00616849514262645,0,0.00688235656430728,0,0.656516243280424,0.810745808754241
TCGA-EE-A29R-06A-11R-A18T-07,0.794067980265653,0.00203723872851704,0.190988396725001,0,0,0.00768255911956536,0,0.00522382516126314,0,0.587963344004781,0.84231341973854
TCGA-EE-A29S-06A-11R-A18T-07,0.766992094857259,0,0.167528204377143,0,0,0.0469747987383834,0.00552874351670422,0.0129761585105102,0,0.459358098120708,0.894774018731275
TCGA-EE-A29T-06A-11R-A18T-07,0.705499116743018,0,0.121145875015452,0.0201104359560654,0,0.153244572285465,0,0,0,0.507462017988434,0.864687326908654
TCGA-EE-A29V-06A-12R-A18S-07,0.937121180182437,0,0.0493422351093605,0,0,0.00401695172565746,0,0.00951963298254469,0,0.357574602175281,0.934669810860567
TCGA-EE-A29W-06A-11R-A18U-07,0.544282090248842,0.0114324967006636,0.415224395534315,0,0,0.0236563060815018,0,0.00540471143467819,0,0.460655965741563,0.888897802338227
TCGA-EE-A29X-06A-11R-A18T-07,0.766646132306695,0.0024669037717601,0.098660282753113,0.0113497948482267,0,0.0934813471232089,0,0.027395539196996,0,0.256492217914797,0.974772644881443
TCGA-EE-A2A0-06A-11R-A18T-07,0.448983648739122,0.0309360718101852,0.299538028979641,0.0229147954314595,0,0.151018228166925,0,0.0466092268726672,0,0.335053594937642,0.952031217430246
TCGA-EE-A2A1-06A-11R-A18T-07,0.574346658134225,0.0420941902518497,0.128896779282907,0.0159027951655913,0,0.140060822042354,0,0.0986987551230729,0,0.421318457569152,0.907731242881971
TCGA-EE-A2A2-06A-11R-A18T-07,0.903591760020948,0.00104820271378781,0.0175998356121793,0,0,0.0289288096052324,0.0124425235100213,0.0363888685378312,0,0.333518370017986,0.943703008258785
TCGA-EE-A2A5-06A-11R-A18T-07,0.841310066562178,0.000952173786899711,0.116905550400417,0,0,0.0313882625816443,0,0.0094439466688616,0,0.421674562912594,0.909957035569909
TCGA-EE-A2A6-06A-11R-A18T-07,0.755478201265639,0.00159116052264902,0.0479836546519319,0.0548721608817248,0,0.0602554357057623,0,0.0798193869722933,0,0.45933778068327,0.894296403325856
TCGA-EE-A2GB-06A-11R-A18T-07,0.934675233597364,0,0.0223151545241527,0,0,0.0258877042174991,0,0.0171219076609841,0,0.451640563302544,0.897834487848207
TCGA-EE-A2GC-06A-11R-A18T-07,0.738123571124409,0,0.0500187151195399,0.035329486178689,0,0.120056889438124,0,0.0564713381392386,0,0.543891781659229,0.848930293474451
TCGA-EE-A2GD-06A-11R-A18T-07,0.729644086608331,5.45381453200527e-05,0.198095698060453,0,0,0.0594227638938543,0,0.0127829132920423,0,0.44535422098534,0.899275820814988
TCGA-EE-A2GE-06A-11R-A18T-07,0.297536399095788,0.00417852199722268,0.349723911522399,0.0632804808271269,0,0.196432383534892,0,0.0888483030225716,0,0.385401032935111,0.942182285469292
TCGA-EE-A2GH-06A-11R-A18T-07,0.524447079195767,0,0.175361285745255,0.0646103726885015,0,0.180566256395824,0,0.0550150059746518,0,0.60206989753305,0.804844353204802
TCGA-EE-A2GI-06A-11R-A18T-07,0.799187272162775,0.00342574097734208,0.0521086391462476,0.0286601320848852,0,0.0700433683172725,0,0.046574847311478,0,0.689705385587524,0.794265249805716
TCGA-EE-A2GJ-06A-11R-A18U-07,0.789850675363734,0,0.0281327350732081,0.0219740114007845,0,0.151392991228293,0,0.00864958693398002,0,0.480675517020391,0.878036643139515
TCGA-EE-A2GK-06A-11R-A18S-07,0.00489276926232914,0.0756668359948153,0.0529414797310899,0,0,0.0598567312417826,0.139653289088187,0.666988894681796,0,0.866051239121847,0.502500050485965
TCGA-EE-A2GL-06A-11R-A18S-07,0.65121748656569,0.0233632003925486,0.0298548120337387,0.0133833324511847,0,0.0467772499781866,0.0181368235188462,0.217267095059805,0,0.570345025692576,0.839038861251799
TCGA-EE-A2GM-06B-11R-A18S-07,0.963794131973236,0,0.0213122385073466,0,0,0.0140500190528948,0.000843610466523128,0,0,0.521571065497016,0.86870980119465
TCGA-EE-A2GN-06A-11R-A18S-07,0.879065483771029,0,0.0698279893970564,0,0,0.0349505347337746,0,0.0161559920981397,0,0.413636923916921,0.913003088933253
TCGA-EE-A2GO-06A-11R-A18S-07,0.843831636306454,0,0.144089140629684,0,0,0.00895884758099781,0.00162038818818719,0.00149998729467662,0,0.459033399684917,0.895221348994588
TCGA-EE-A2GP-06A-11R-A18S-07,0.614197312219648,0.00112839325884561,0.247332192462524,0.0070271624574572,0,0.112183711626159,0,0.0181312279753661,0,0.444329771298109,0.896500750397182
TCGA-EE-A2GR-06A-11R-A18S-07,0.980720068689622,0,0.0181559136362801,0,0,0.000721090980484902,8.20360973882483e-05,0.000320890596224317,0,0.32757663405494,0.946549949519991
TCGA-EE-A2GS-06A-12R-A18S-07,0.89091610147998,1.30889823776201e-05,0.0581021335712852,0.000300861516494561,0,0.0451326197138918,0.0050086510498043,0.000526543686166164,0,0.461036659139151,0.894001141570351
TCGA-EE-A2GT-06A-12R-A18S-07,0.567307959065046,0.0537795536036276,0.0432525522977691,0.0285987887964952,0,0.088384431305352,0,0.21867671493171,0,0.541361035843488,0.845239495396904
TCGA-EE-A2GU-06A-11R-A18T-07,0.793145748075111,0.000383562884796132,0.000854432601158434,0.0408025159918696,0,0.124946231515028,0,0.039867508932036,0,0.529810707176335,0.855350316947729
TCGA-EE-A2M5-06A-12R-A18S-07,0,0,0.88903385731606,0.0369561009625968,0,0.0740100417213432,0,0,0,0.421120825331102,0.944934296135325
TCGA-EE-A2M6-06A-12R-A18S-07,0.826602105226332,0,0.0584205042101075,0,0,0.108407302545941,0,0.00657008801761925,0,0.395487948024883,0.918808401774741
TCGA-EE-A2M7-06A-11R-A18U-07,0.677252969525116,0.0329357219164671,0.157350520405638,0,0,0.0239175267645262,0.0095325175770273,0.099010743811225,0,0.360962477852533,0.933114515388364
TCGA-EE-A2M8-06A-12R-A18S-07,0.382766248855052,0,0.0779671208887335,0.127802210459824,0,0.345446063798644,0,0.0660183559977467,0,0.836811069980826,0.548948927028053
TCGA-EE-A2MC-06A-12R-A18S-07,0.146698085232363,0,0.494171147066565,0.0878507640497657,0,0.247011380038993,0,0.0242686236123128,0,0.506511696593066,0.876090363327603
TCGA-EE-A2MD-06A-11R-A18T-07,0.893688900953967,0.00161025295691144,0.0204347212797737,0.00464637956289497,0,0.0369501446027865,0,0.0426696006436661,0,0.387735947738432,0.923020050283706
TCGA-EE-A2ME-06A-11R-A18T-07,0.252724001225736,0.0471197531328193,0.138465468096616,0.0967106212270256,0,0.143880857390909,0.0128765966064036,0.308222702320491,0,0.725546801117083,0.695192272849427
TCGA-EE-A2MF-06A-11R-A21D-07,0.934056098148255,0,0.00828039678932084,0,0,0.0478794660716734,0.0097840389907509,0,0,0.537509006205096,0.861617519473098
TCGA-EE-A2MG-06A-11R-A18T-07,0.51729910950692,0.0767637043979936,0.106049988660849,0.0137351544067147,0,0.0802966010541742,0.0118192678556641,0.194036174117684,0,0.6233617679089,0.805794394771335
TCGA-EE-A2MH-06A-11R-A18S-07,0.850037967864997,0.0135081952764295,0.0259000357031955,0,0,0.0503823410016067,0.0184345477910552,0.0417369123627162,0,0.771843194781506,0.761556828419338
TCGA-EE-A2MI-06A-11R-A18U-07,0.699098615891789,0.00584406041442435,0.140077419488922,0,0,0.137189897497469,0,0.017790006707396,0,0.432513753066879,0.901714673285608
TCGA-EE-A2MJ-06A-11R-A18S-07,0.553001635649073,0.026115585806619,0.0695876493954343,0.0349358980817552,0,0.172172452870935,0,0.144186778196183,0,0.679326353305092,0.747361155011478
TCGA-EE-A2MK-06A-11R-A18S-07,0.715598613589323,0.00126144462600484,0.06120737420787,0.0384989962524235,0,0.159309402411395,0,0.0241241689129837,0,0.633250646809479,0.794864275822961
TCGA-EE-A2ML-06A-11R-A18S-07,0.869819433616381,0.00460409348424223,0.0248011234713521,0.00317807877369039,0,0.0852184740269466,0.00513661146796558,0.00724218515942222,0,0.560045551910658,0.84868280331552
TCGA-EE-A2MM-06A-11R-A18S-07,0.814101664509016,0,0.0985123166759605,0,0,0.0757975560214837,0,0.0115884627935394,0,0.346996408971775,0.938446508194686
TCGA-EE-A2MN-06A-11R-A18S-07,0.807990587612584,0.00105360699552406,0.0121706074282856,0.0411891853821048,0,0.0864921985449533,0,0.0511038140365485,0,0.652740817300892,0.804737566704189
TCGA-EE-A2MP-06A-11R-A18S-07,0.771197713791627,0.000647990707801955,0.0405906959220318,0.0223147174448387,0,0.133807470212016,0,0.0314414119216838,0,0.718180359365989,0.754653655125318
TCGA-EE-A2MQ-06A-11R-A18S-07,0.896322312238501,0,0.0770704296854848,0,0,0.0172636347814004,0.00114133282168915,0.00820229047292424,0,0.651768304387369,0.815954266939323
TCGA-EE-A2MR-06A-11R-A18S-07,0.0412217851501686,0.0466518794664967,0.286887618096458,0.0207319925764422,0,0.214801464269948,0.0824747592305221,0.307230501209964,0,0.361805184723764,1.01655683668351
TCGA-EE-A2MS-06A-11R-A18S-07,0.834848129179053,0,0.0305372703413076,0.024960313844602,0,0.102932046417997,0,0.0067222402170406,0,0.408826748546486,0.913239837577854
TCGA-EE-A2MT-06A-11R-A18S-07,0.926562596373644,0,0.0541178066311253,0,0,0.0102304794751282,0,0.00908911752010276,0,0.378983592474404,0.926430554394966
TCGA-EE-A2MU-06A-21R-A18S-07,0.63471023956445,0,0.0768204942905755,0.0560033755983446,0,0.196839039144397,0,0.0356268514022324,0,0.551467080047118,0.835174571184059
TCGA-EE-A3AA-06A-11R-A18S-07,0.600014042136943,0.07180987663651,0.124962864623781,0.00494913702765276,0,0.0814652734573607,0.0007000976888998,0.116098708428852,0,0.415401697248242,0.910048918677647
TCGA-EE-A3AB-06A-11R-A18S-07,0.565541594467326,0.000712598591720841,0.270312628982146,0,0,0.143436675953213,0.0199965020055942,0,0,0.324316961731054,0.952782191405592
TCGA-EE-A3AC-06A-11R-A18S-07,0.864186992685925,0,0.0146411713595714,0.0165488877564621,0,0.0841988517418964,0,0.0204240964561453,0,0.450163566809966,0.896242570543189
TCGA-EE-A3AD-06A-11R-A18S-07,0.960529238122428,0,0.0347042294968321,0,0,0.00176410168217444,0.000295459448472288,0.00270697125009301,0,0.326438190558438,0.946752843680443
TCGA-EE-A3AE-06A-11R-A18S-07,0.835602694604274,0.000333902382797413,0.0201770248726571,0.0201287366597451,0,0.0866154550858724,0,0.0371421863946536,0,0.570299992186365,0.84308383686686
TCGA-EE-A3AF-06A-11R-A18S-07,0.776120680140651,0,0.0696343075774789,0.0101422898392492,0,0.119756344798296,0,0.0243463776443241,0,0.421050278177992,0.907385824688883
TCGA-EE-A3AG-06A-31R-A18S-07,0.601346438986379,9.94500295554428e-05,0.347782905589956,0.00131525289192721,0,0.024156935993955,0,0.0252990165082269,0,0.443180864057708,0.898320342178965
TCGA-EE-A3AH-06A-11R-A18S-07,0.931848687943266,0.00226118670497812,0.0553316597283539,0,0,0.0105584656234022,0,0,0,0.30410505327129,0.954869029340961
TCGA-EE-A3J3-06A-11R-A20F-07,0.757614869157253,0,0.142232374919926,0.0110435485497908,0,0.0697859747726029,0,0.0193232326004277,0,0.50262009959748,0.87605474064931
TCGA-EE-A3J4-06A-11R-A20F-07,0.909386273265926,0,0.0380498910184447,0.000395165511836225,0,0.0432874943277645,0,0.00888117587602811,0,0.451962014110092,0.897412620294066
TCGA-EE-A3J5-06A-11R-A20F-07,0.737164891237538,0.00172766277549665,0.0721293431890837,0.035212549609435,0,0.0846717301621501,0,0.0690938230262966,0,0.504537715234283,0.872601206184545
TCGA-EE-A3J7-06A-11R-A20F-07,0.955453874557937,0,0.0189742503155191,0,0,0.0255718751265434,0,0,0,0.348972173480262,0.938037276512707
TCGA-EE-A3J8-06A-11R-A20F-07,0.938943429636532,0,0.0518361704998032,0,0,0.0085839223042808,0,0.000636477559384386,0,0.420868753240367,0.909988897617492
TCGA-EE-A3JA-06A-11R-A20F-07,0.881244916469716,0,0.0302379020152077,0.00622379351690538,0,0.0461383606298026,0,0.0361550273683685,0,0.558281153980665,0.854007625284267
TCGA-EE-A3JB-06A-11R-A21D-07,0.400176415997387,0,0.442750892917931,0.0164638175770424,0,0.114603384366779,0,0.0260054891408608,0,0.486474236081272,0.873692194594332
TCGA-EE-A3JD-06A-11R-A20F-07,0.315051904295749,0.0372104823402656,0.10159920207963,0.0520489417130626,0,0.148771866203814,0,0.345317603367478,0,0.770748089979384,0.646962908681229
TCGA-EE-A3JE-06A-11R-A20F-07,0.468422028825283,0.00172529933056444,0.176920390544249,0.101330940366269,0,0.164274932030627,0,0.0873264089030069,0,0.644836638634623,0.778823680078637
TCGA-EE-A3JH-06A-11R-A21D-07,0.428656726033894,0.00182224658061163,0.123994024492333,0.0642206397829914,0,0.223983269949095,0,0.157323093161075,0,0.491649677838317,0.883154529719403
TCGA-EE-A3JI-06A-11R-A21D-07,0.941385741820136,0,0,0,0,0.0485487612282661,0.0100654969515983,0,0,0.361424319430652,0.933174756826116
TCGA-ER-A193-06A-12R-A18S-07,0.615867729218627,0.00308429388895718,0.194791910987916,0.0526934654596075,0,0.119974023854823,0,0.013588576590069,0,0.493079340398715,0.874779783554933
TCGA-ER-A194-01A-11R-A18U-07,0.800044252332233,0.00111509175261563,0.0494975558119607,0.0288119491861543,0,0.0701475365940365,0,0.0503836143230005,0,0.48995568382113,0.880974671726657
TCGA-ER-A195-06A-11R-A18U-07,0.320249941332584,0.0128334673638245,0.402401742458519,0.0240834831521459,0,0.196869478099888,0,0.0435618875930388,0,0.407924859504863,0.926193131693528
TCGA-ER-A196-01A-11R-A18T-07,0.661305421807825,0.00133564001678892,0.249467657949745,0,0,0.0111927913501955,0,0.076698488875446,0,0.357350075983505,0.934125118306949
TCGA-ER-A197-06A-32R-A18S-07,0.486634118751009,0,0.190087373395635,0.0601250598231688,0,0.249285368924797,0,0.0138680791053905,0,0.289628031782822,1.00218924331543
TCGA-ER-A198-06A-11R-A18T-07,0.855175185461808,0,0.0241656819257119,0.0034443241764004,0,0.103190500007758,0,0.0140243084283212,0,0.440927852209549,0.899126107390706
TCGA-ER-A199-06A-11R-A18T-07,0.696597586244471,0.0160556343139209,0.0312334399317786,0.0129817316256081,0,0.105692281781965,0.0159730283145897,0.121466297787666,0,0.499094774239553,0.869874262922539
TCGA-ER-A19A-06A-21R-A18U-07,0.0860436347393968,0.0360264855272399,0.354248156520876,0.0688266091630975,0,0.421153882414488,0,0.0337012316349018,0,0.518884497763389,0.950752664643642
TCGA-ER-A19B-06A-11R-A18S-07,0.913743966728633,0.000143935571207079,0.0664376347830715,0,0.00288726403288299,0.0125463871846876,0.00424081169951789,0,0,0.558053915754086,0.855155161583637
TCGA-ER-A19C-06A-11R-A18S-07,0.894073278277524,0.000773058420707105,0.0824247284890168,0,0,0.0162454744566655,0,0.00648346035608679,0,0.511496050758388,0.874444521532831
TCGA-ER-A19D-06A-11R-A18S-07,0.313345205013478,0.0133755325232312,0.386888841162436,0.0331807333029341,0,0.16586142414829,0,0.0873482638496302,0,0.341143693183202,0.960475276624713
TCGA-ER-A19E-06A-11R-A18S-07,0.490636354766474,0.000914817499738005,0.376443858702791,0.00172521653621304,0,0.113318069059933,0,0.0169616834348518,0,0.373938922733118,0.929957736150592
TCGA-ER-A19F-06A-11R-A18S-07,0.91366064717073,8.64605825247245e-05,0.0328293988952285,0.000847789806602403,0,0.0252055896098707,0,0.0273701139350435,0,0.515357356016904,0.872668314470519
TCGA-ER-A19G-06A-11R-A18U-07,0.784369088981112,0,0.067977860756477,0.0129356856435389,0,0.11784781407626,0.0132521383845875,0.00361741215802433,0,0.53234067127678,0.857465577232293
TCGA-ER-A19H-06A-12R-A18S-07,0.711891376599034,0,0.154765608968924,0.0164638437326965,0,0.116879170699345,0,0,0,0.421073704637934,0.907420676978281
TCGA-ER-A19J-06A-11R-A18S-07,0.791992698273498,0.00116840482070228,0.158143377700806,0,0,0.0486955192049938,0,0,0,0.373010730301596,0.928242575632709
TCGA-ER-A19K-01A-21R-A18T-07,0.897361492099952,0,0.0612408748902339,0.000836304904361202,0,0.0325342912926312,0,0.00802703681282152,0,0.374466985791252,0.928056698321882
TCGA-ER-A19L-06A-12R-A18S-07,0.809592291237766,0.0127261231265742,0.1320971907935,0,0,0.0455843948421594,0,0,0,0.42667910608549,0.907827856621321
TCGA-ER-A19M-06A-61R-A239-07,0.735144269974596,0,0.101218534322405,0.0349427159427463,0,0.115113682031831,0,0.0135807977284212,0,0.550133059061387,0.849603601887434
TCGA-ER-A19N-06A-11R-A18S-07,0.470017930148709,0.00360930041823647,0.131871945815909,0.0348304209185232,0,0.310508934414442,0,0.0491614682841806,0,0.535049146233082,0.863279608322647
TCGA-ER-A19O-06A-11R-A18S-07,0.33751772515487,0.0343620328459719,0.188407058120394,0.0233698514291915,0,0.373360762505541,0,0.0429825699440315,0,0.713835425144985,0.709301682228885
TCGA-ER-A19P-06A-11R-A18S-07,0.311181567484735,0.026034517008704,0.0739621165635884,0.109693616666719,0,0.253647515665515,0,0.225480666610738,0,0.797227600684849,0.60532044819598
TCGA-ER-A19Q-06A-11R-A18U-07,0.747072542259085,0,0.0799469998060348,0.00994120635132311,0,0.151639642786155,0,0.0113996087974012,0,0.515407476575228,0.860368147625238
TCGA-ER-A19S-06A-11R-A18U-07,0.500404628516538,0.000713415881327304,0.0166977673656227,0.156357098260354,0,0.253838485159596,0,0.0719886048165618,0,0.73561408092681,0.684509422724659
TCGA-ER-A19T-06A-11R-A18U-07,0.80607858688613,0,0.0791491188344191,0.00238359696771646,0,0.103470679816811,0,0.00891801749492389,0,0.461919985390599,0.890151244548704
TCGA-ER-A19T-01A-11R-A18T-07,0.870974063917795,0,0.115531356896961,0,0,0.0134945791852435,0,0,0,0.208832702590865,0.989049042389197
TCGA-ER-A19W-06A-41R-A239-07,0.521855516095655,0,0.0364655106498906,0.0807728219933343,0,0.284567827656586,0.0278551811506333,0.0484831424539008,0,0.647673001253037,0.762134096371114
TCGA-ER-A1A1-06A-11R-A18U-07,0.0096681726472347,0.0615087519621194,0.0740995390712278,0,0,0.0434307855154402,0.205866680787909,0.605426070016068,0,0.699111996396054,0.716582896058266
TCGA-ER-A2NB-01A-12R-A18S-07,0.605844101036432,0.00305472438722728,0.17006179472385,0.0608257262178065,0,0.109759610301323,0,0.0504540433333614,0,0.209856649267241,0.995957997725127
TCGA-ER-A2NC-06A-11R-A18T-07,0.443168718650865,0,0.32125921510292,0.00461012900974375,0,0.191002892552797,0,0.0399590446836746,0,0.389649491953823,0.931868024898954
TCGA-ER-A2ND-06A-11R-A18T-07,0.846385945759844,0.000413979639881102,0.0713259854503632,0,0,0.0522909609467988,0,0.0295831282031124,0,0.603148445264978,0.834964473257964
TCGA-ER-A2NE-06A-21R-A18T-07,0.991239250489,0,0.00603089842246072,0,0,0.00046053133182185,0.00226931975671757,0,0,0.503869377444599,0.875380882026075
TCGA-ER-A2NF-06A-11R-A18T-07,0.926635788347104,0,0,0.0108673163002681,0,0.0416791562213113,0,0.0208177391313167,0,0.320954167132638,0.948749715872187
TCGA-ER-A2NF-01A-11R-A18T-07,0.700011971470356,0,0.112268953818349,0.0244485977883983,0,0.101359815435509,0,0.0619106614873878,0,0.292728483850137,0.961973346692854
TCGA-ER-A2NG-06A-11R-A18T-07,0.569581260383341,0.00023671955240768,0.117384909437902,0.103135425940507,0,0.144054431949111,0,0.0656072527367317,0,0.472347870940323,0.881773090874418
TCGA-ER-A2NH-06A-11R-A18S-07,0.561808727858903,0.00175816289469082,0.138567233408447,0.0844310260362082,0,0.185926043975704,0,0.0275088058260471,0,0.667630754619571,0.765367730941525
TCGA-ER-A3ES-06A-11R-A20F-07,0.993544331123284,0,0,0,0,0.00645566887671584,0,0,0,0.257458265095551,0.973641568692834
TCGA-ER-A3ET-06A-11R-A20F-07,0.561208121566233,0.00053198389468533,0.270767820602592,0,0,0.122842808365811,0,0.0446492655706785,0,0.365919050403315,0.933067753265655
TCGA-ER-A3EV-06A-11R-A20F-07,0.800286218657008,0,0.0765549714022739,0.0239353895114557,0,0.054131824891252,0,0.0450915955380106,0,0.364178544736771,0.931828851533598
TCGA-ER-A3PL-06A-11R-A239-07,0.863511324808929,0,0.085405672127376,0,0,0.0422155016112039,0,0.00886750145249078,0,0.411581084688735,0.913643563388658
TCGA-ER-A42H-01A-11R-A24X-07,0.821911037134308,0.000735480776459308,0.130701932130674,0,0,0.0331518102771366,0,0.0134997396814217,0,0.286759376002461,0.960483703940357
TCGA-ER-A42K-06A-11R-A24X-07,0.875609167732596,0.00142752225653672,0.105879124911676,0,0,0.00770498656839599,0.000674182436526723,0.00870501609426877,0,0.471338499368707,0.890680557776373
TCGA-ER-A42L-06A-11R-A24X-07,0.559735026985569,0.0107049409463182,0.12758534824972,0.0625529392448678,0,0.23526002250592,0,0.00416172206760502,0,0.449387840509143,0.899272477094676
TCGA-FR-A2OS-01A-11R-A21D-07,0.885284672048454,0,0.0958959930725364,0,0,0.0144210450344227,0,0.00439828984458679,0,0.519367143058792,0.87123239296374
TCGA-FR-A3R1-01A-11R-A239-07,0.884730838730625,0.000384651480718803,0.0168190394637379,0.0236412346213955,0,0.0267173892253004,0,0.0477068464782225,0,0.713813590644122,0.790640998316004
TCGA-FR-A3YN-06A-11R-A239-07,0.946507055238993,0.00010723679721681,0.0108992639687795,0.00227243742280262,0,0.0259347830110355,0,0.0142792235611726,0,0.725304209441755,0.780029625757365
TCGA-FR-A3YO-06A-11R-A239-07,0.917339237650345,0,0.0636565617332004,0,0,0.017195909648561,0.00180829096789417,0,0,0.523439471493861,0.869062843216666
TCGA-FR-A44A-06A-11R-A24X-07,0.543618792455986,0.00121386205425903,0.066631992535697,0.118386969852506,0,0.232501191505318,0,0.0376471915962338,0,0.761921589109231,0.675065959723848
TCGA-FR-A69P-06A-21R-A311-07,0.743538561862399,0,0.229838707966456,0,0,0.0221486906608559,0,0.00447403951028949,0,0.415789521778406,0.911418658561829
TCGA-FR-A726-01A-11R-A32P-07,0.813416505954944,0,0.165879593557421,0,0,0.0125217745611177,0,0.00818212592651759,0,0.326050837565614,0.946055161097021
TCGA-FR-A728-01A-11R-A32P-07,0.811645012672572,0,0.0783893447165775,0.020690457594057,0,0.0771241074881893,0,0.0121510775286036,0,0.707398631554837,0.785523838636344
TCGA-FR-A729-06A-11R-A352-07,0.650553351029074,0.00379895583153619,0.059235674708412,0.0281990077005481,0,0.169283827785287,0.00228934085546679,0.086639842089676,0,0.671899253539225,0.7606043655713
TCGA-FR-A7U8-06A-21R-A352-07,0.928935007334738,0,0.051905970864241,0,0,0.011721820221733,0.00743720157928812,0,0,0.479862492422588,0.886789076404643
TCGA-FR-A7U9-06A-11R-A352-07,0.00273149829667834,0.000363329478153464,0.672221106766531,0.0384899867893048,0,0.213146354241475,0,0.073047724427857,0,0.504396861816385,0.888300422182044
TCGA-FR-A7UA-06A-32R-A352-07,0.162824376145046,0,0.0867520617487081,0.209898486488882,0,0.424913789958837,0.0108217507671119,0.104789534891415,0,0.643948830589748,0.840152440304226
TCGA-FR-A8YC-06A-11R-A37K-07,0.873638981592055,0,0.0525809243408253,0.00415842580148186,0,0.0588000833222156,0,0.0108215849434221,0,0.426708211430944,0.907220515078195
TCGA-FR-A8YD-06A-11R-A37K-07,0.897482775458426,0.0016388275624715,0.0534103819814448,0,0,0.0283190322722149,0,0.0191489827254428,0,0.402323942965188,0.917464686901941
TCGA-FR-A8YE-06A-11R-A37K-07,0.443612804579531,0.0890149603914295,0.1067355415533,0.00370016335280617,0,0.122685848330661,0.0402657325383884,0.193984949253884,0,0.64065531562118,0.78194671151927
TCGA-FS-A1YW-06A-11R-A18T-07,0.885119857648067,0.00603793615065064,0.0477136838338578,0,0,0.0273510168549028,0,0.0337775055125214,0,0.340548876019106,0.940931177260645
TCGA-FS-A1YX-06A-11R-A18T-07,0.740045205543452,0.000107929077578014,0.170831224519622,0.00207566078880926,0,0.0657874732015607,0,0.0211525068689784,0,0.384298796600811,0.923617659676072
TCGA-FS-A1YY-06A-11R-A18T-07,0.875062119930049,0.000206875064938656,0.106692304771241,0,0,0.0115373575077044,0.00105118992995921,0.00545015279610705,0,0.422002760562997,0.909865039430428
TCGA-FS-A1Z0-06A-11R-A18T-07,0.698170953930641,0,0.0626732765342826,0.0352823174276297,0,0.179165519437706,0,0.0247079326697407,0,0.531216314152008,0.84881540924062
TCGA-FS-A1Z3-06A-11R-A18T-07,0.92532316756566,0,0.049947738515004,0,0,0.0179120779104522,0,0.00681701600888337,0,0.451574123607644,0.898023544342107
TCGA-FS-A1Z4-06A-11R-A18T-07,0.340450780061599,0.05288451094475,0.197882521871148,0,0,0.104777005160008,0.0819117350646775,0.222093446897818,0,0.478760865967171,0.877963994847635
TCGA-FS-A1Z7-06A-11R-A18T-07,0.68823097478178,0.00932023552650092,0.237398823649288,0,0,0.0632034234766959,0,0.00184654256573498,0,0.432782865620324,0.903826686604263
TCGA-FS-A1ZA-06A-11R-A18T-07,0.69884479947574,0,0.219528374033544,0.00417692800481877,0,0.0544456706945506,0,0.0230042277913464,0,0.383731340797762,0.923791020487533
TCGA-FS-A1ZB-06A-12R-A18S-07,0.614815914819687,0.00197078467310196,0.250586870130605,0,0,0.116712631118344,0,0.0159137992582626,0,0.453329887930797,0.892118512324534
TCGA-FS-A1ZC-06A-11R-A18T-07,0.607489912933521,0,0.359895510640815,0,0,0.0326145764256636,0,0,0,0.341066982193534,0.941391642823801
TCGA-FS-A1ZD-06A-11R-A18T-07,0.586589273728052,0,0.336064609180868,0,0,0.0568134067275947,0,0.0205327103634852,0,0.269899532169302,0.970445422067621
TCGA-FS-A1ZE-06A-11R-A18T-07,0.961649711618666,0.00038012123186306,0.0286091778040005,0,0,0.00449996437035528,0,0.00486102497511536,0,0.392246771913648,0.921229170271418
TCGA-FS-A1ZF-06A-12R-A18S-07,0.849844017708107,0.000102174968059615,0.118276198966579,0.00276954496481604,0,0.0275411573529988,0,0.0014669060394391,0,0.306328238584895,0.953424892966394
TCGA-FS-A1ZG-06A-11R-A18T-07,0.981488168554836,0,0,0,0,0.0155847855822406,0,0.00292704586292371,0,0.310166305135041,0.953263110365444
TCGA-FS-A1ZH-06A-11R-A18T-07,0.269535523195344,0.00655734442021204,0.463585478131334,0.0348118106387765,0,0.158105299225826,0,0.0674045443885076,0,0.513552010495716,0.85853604509836
TCGA-FS-A1ZJ-06A-12R-A18S-07,0.789016546296912,0.000754912406136893,0.0899498089083507,0,0,0.116407307560084,0,0.00387142482851707,0,0.288199647304445,0.964342977622814
TCGA-FS-A1ZK-06A-11R-A18T-07,0.961805494244584,0,0.0320022952642071,0,0,0.00228338020976957,0,0.00390883028143939,0,0.341282068497715,0.941059270853152
TCGA-FS-A1ZM-06A-12R-A18S-07,0.716945359271428,0,0.140459608095605,0.0260795419062095,0,0.108334732642894,0,0.00818075808386282,0,0.353389792681459,0.936235439469895
TCGA-FS-A1ZN-01A-11R-A18T-07,0.922896801265915,0.000195300631396416,0.0443117447238369,0.00234500041475637,0,0.0122530613158401,0,0.017998091648255,0,0.396431209757153,0.919814769327882
TCGA-FS-A1ZP-06A-11R-A18T-07,0.778520896098046,0.00179106272411,0.0854614476714726,0.00638384162101386,0,0.0785880842590769,0,0.049254667626281,0,0.40939994801362,0.91337394453478
TCGA-FS-A1ZQ-06A-11R-A18U-07,0.852002170330658,0.00524852111026279,0.0773730925684462,0.000470705387147574,0,0.0362453471745992,0,0.0286601634288857,0,0.456133098442027,0.896746500009138
TCGA-FS-A1ZR-06A-21R-A18U-07,0.866300698594588,0.00356231713531603,0.079776352509036,0.00371640684095135,0,0.0413503202793567,0,0.00529390464075177,0,0.494531316140787,0.881092929818437
TCGA-FS-A1ZS-06A-12R-A18T-07,0.118518835462081,0,0.804307721638334,0,0,0.065062654760479,0,0.0121107881391062,0,0.394992497983215,0.948479666477709
TCGA-FS-A1ZT-06A-11R-A18U-07,0.790750712828675,0,0.0652525199730884,0.0142384840346819,0,0.0639756572650327,0,0.065782625898522,0,0.363709414422578,0.931954167314899
TCGA-FS-A1ZU-06A-12R-A18T-07,0.935175412945069,0,0.0318633499582471,0,0,0.0329612370966835,0,0,0,0.246026399163139,0.976756605512929
TCGA-FS-A1ZW-06A-12R-A18T-07,0.744891440490044,0,0.042469360712487,0.0253174220412658,0,0.0889174656448637,0,0.09840431111134,0,0.215472158227802,0.994060189405196
TCGA-FS-A1ZY-06A-11R-A18S-07,0.987270663371337,3.52393383926556e-05,0.00858609740256316,0,0,0.00373580698339319,0,0.000372192904313951,0,0.604316159145771,0.832203078935523
TCGA-FS-A1ZZ-06A-11R-A18S-07,0.976495501361465,0,0.0157497976424484,0,0,0.00374377775477322,0,0.00401092324131342,0,0.387431032500534,0.923103349723484
TCGA-FS-A4F0-06A-11R-A24X-07,0.975460562206614,0,0.00968955829483196,0,0,0.00704863375001354,0.00608122603746069,0.00172001971107969,0,0.343537034145166,0.940285978208058
TCGA-FS-A4F2-06A-11R-A24X-07,0.807458273152447,0.00174463209658438,0.080240440461894,0.00210718760706384,0,0.0701307241084322,0,0.0383187425735784,0,0.230688743301251,0.982951310208052
TCGA-FS-A4F4-06A-12R-A266-07,0.718990910166702,0.000385788930104003,0.173485162272624,0.0177457357139325,0,0.0755474793476789,0,0.0138449235689582,0,0.411125387830424,0.912846677521585
TCGA-FS-A4F5-06A-11R-A266-07,0.934372659052105,0.000290328054009696,0.0489315245544855,0,0,0.0123424952693779,0,0.00406299307002211,0,0.542296923115898,0.860995684114609
TCGA-FS-A4F8-06A-11R-A266-07,0.246178784797817,0.193410087994536,0.195977204785912,0.00747575971041573,0,0.0683868119208743,0.0573412013510328,0.231230149439413,0,0.597181857286052,0.811468950373067
TCGA-FS-A4F9-06A-11R-A24X-07,0.927340044978433,0.000249489182925802,0.0430508715997817,0,0,0.0254384755261808,0,0.0039211187126791,0,0.365972209697047,0.931371050133509
TCGA-FS-A4FB-06A-11R-A266-07,0.936720654624924,0.00014387093259936,0.054713769030961,0,0,0.00767972371423152,0.000741981697283582,0,0,0.440875597024879,0.902076774975495
TCGA-FS-A4FC-06A-11R-A24X-07,0.832683491420055,0.00209157145111744,0.140906343584199,0,0,0.0171898462565167,0,0.00712874728811172,0,0.56719317192633,0.852149403697738
TCGA-FS-A4FD-06A-11R-A266-07,0.818502613226561,0.00502548404348123,0.110586051667235,0.00534211500501514,0,0.0542113408229992,0,0.00633239523470812,0,0.331853082830806,0.943952212193526
TCGA-FW-A3I3-06A-11R-A21D-07,0.896065002005834,0,0.0854311543577286,0,0,0.0155131348154927,0,0.00299070882094439,0,0.417378863716732,0.91156453517442
TCGA-FW-A3R5-06A-11R-A239-07,0.766116124419588,0.00285303708881115,0.102705447387228,0.0182401334027628,0,0.0427395255507809,0,0.0673457321508289,0,0.405866059068103,0.91617949077753
TCGA-FW-A3TU-06A-11R-A239-07,0.80776488245023,0.00124088889702068,0.0197653592607764,0,0,0.0991129774747943,0,0.072115891917178,0,0.46364240757898,0.888271322382216
TCGA-FW-A3TV-06A-11R-A239-07,0.915101043549265,0.0035281945561737,0.0394048033865043,0,0,0.024274562882945,0.000338260929943978,0.0173531346951683,0,0.606807414419909,0.834717916424471
TCGA-FW-A5DX-01A-11R-A27Q-07,0.913306242992384,0,0.076212305937343,0,0,0.0104276409661463,0,5.38101041271825e-05,0,0.457207721277121,0.895756347026452
TCGA-FW-A5DY-06A-11R-A311-07,0.507950315233675,0.0345650729510565,0.0668377152114482,0.00558561223269508,0,0.0582101961574503,0,0.326851088213675,0,0.692807643755168,0.749553311768613
TCGA-GF-A2C7-01A-11R-A18T-07,0.914871685942507,0.000204763703341592,0.0752109559671716,0,0,0.00618418990073004,0,0.00352840448624983,0,0.361017914492849,0.933253927005477
TCGA-GF-A3OT-06A-23R-A239-07,0,0,0.8085318120305,0.0594171155292963,0,0.104751505755535,0,0.0272995666846688,0,0.333548823545949,0.996129021673302
TCGA-GF-A4EO-06A-12R-A24X-07,0.419082946601165,0.0116473735395467,0.0817230675720739,0.0659437576361472,0,0.249104225174249,0.0304197257365836,0.142078903740234,0,0.366722561265181,0.979025031777536
TCGA-GF-A6C8-06A-12R-A311-07,0.844243319689695,0.00333235284631689,0.0948623094825478,0.00307915427846836,0,0.052204704500063,0,0.00227815920290872,0,0.577288111190253,0.846487356317028
TCGA-GF-A6C9-06A-11R-A311-07,0.28100965466938,0.0250943859601393,0.230429705376844,0.02383847881623,0,0.216153560997047,0.0029168010347656,0.220557413145594,0,0.562995395555021,0.83474706994033
TCGA-GF-A769-01A-32R-A32P-07,0.897883375625328,0,0.0798929300380408,0,0,0.0213206233290536,0.000903071007577291,0,0,0.311931114067486,0.951644942606403
TCGA-GN-A262-06A-11R-A18T-07,0.986183800045939,0,0.0134645616812024,0,0,0,0,0.000351638272858365,0,0.446323653441513,0.899301912331085
TCGA-GN-A263-01A-11R-A18T-07,0.852054215305118,0.000213767494542499,0.109869572427215,0,0,0.0205507435527081,0,0.0173117012204157,0,0.37721127586368,0.927062942375875
TCGA-GN-A264-06A-11R-A18U-07,0.748134341626219,0.00187092408948914,0.156870187957663,0.00462010369692556,0,0.0426913352108603,0,0.0458131074188427,0,0.297266376918967,0.956535799699323
TCGA-GN-A265-06A-21R-A18T-07,0.398039329377105,0.00175170655798865,0.344018622184037,0.0237358468926846,0,0.180047111416606,0,0.0524073835715781,0,0.554610989217482,0.832385020536326
TCGA-GN-A266-06A-11R-A18T-07,0.261447848297119,0.00746878541882564,0.376291479569418,0.0485627204633237,0,0.228001208629482,0,0.0782279576218322,0,0.412221831284502,0.935833835855393
TCGA-GN-A267-06A-21R-A18T-07,0.783923766669942,0.000247154679746402,0.0727039529279166,0.0387988848291327,0,0.067104761872504,0,0.0372214790207586,0,0.389814294345557,0.921836747344046
TCGA-GN-A268-06A-11R-A18T-07,0.975032901055491,0,0.0102138415158325,0,0,0.0147532574286765,0,0,0,0.374670276923819,0.928100092329491
TCGA-GN-A26A-06A-11R-A18T-07,0.573203944731932,7.72128715349903e-05,0.285962044140189,0.0129784633954812,0,0.108912799924803,0,0.0188655349360596,0,0.536342017277063,0.852839947896731
TCGA-GN-A26C-01A-11R-A18T-07,0.152915731282488,0.0156073323266699,0.320249804555465,0.109306840085522,0,0.317904240500986,0,0.0840160512488693,0,0.526047188564227,0.887415909716173
TCGA-GN-A26D-06A-11R-A18T-07,0.930005138706282,0,0.0382901421189884,0,0,0.0172582435027987,0,0.0144464756719307,0,0.409009232783343,0.914823577084645
TCGA-GN-A4U3-06A-11R-A32P-07,0.933931206582054,0,0.0393900220066358,0,0,0.0150969430532893,0.0115818283580211,0,0,0.364145111537833,0.932146965009509
TCGA-GN-A4U4-06A-11R-A32P-07,0.952779887487853,0.00166822411030712,0.0155799454759199,0.00509908850864863,0,0.0099062072661948,0,0.0149666471510762,0,0.467096314059787,0.891780781596221
TCGA-GN-A4U5-01A-11R-A32P-07,0.760759974238286,0.00450083112302617,0.0605074074299086,0.065991845491775,0,0.081486576419471,0,0.0267533652975329,0,0.702199905973082,0.789368562382755
TCGA-GN-A4U7-06A-21R-A32P-07,0.972600623441857,0.000119444578539919,0.0194608989904439,0,0,0.00266965924572644,0.000614445714313598,0.00453492802911876,0,0.590326801318163,0.839260843044735
TCGA-GN-A4U8-11A-11R-A32P-07,0.475975178224857,0.0205010846875139,0.0200781547727559,0.0266586496914359,0,0.16619892061203,0.0555862102023876,0.23500180180902,0,0.809584429023944,0.624593564337309
TCGA-GN-A4U8-06A-11R-A32P-07,0.711832780900402,0.00850930886082703,0.0360253371778386,0.0364850038469199,0,0.147379721323141,0,0.0597678478908709,0,0.695424100597133,0.758374263851696
TCGA-GN-A4U9-06A-11R-A32P-07,0.190356963981431,0,0.568207833902077,0.00608035727790091,0,0.132773848555244,0,0.102580996283347,0,0.326390207127669,0.977328263284129
TCGA-GN-A8LK-06A-11R-A37K-07,0.971727320049373,1.5843889430635e-06,0.0264150276974186,0,0,0.0018018921860839,0,5.41756781815496e-05,0,0.35203892949118,0.936962781296204
TCGA-GN-A8LL-06A-21R-A37K-07,0.954820976011747,0,0.0190590386244582,0,0,0.0166961180408633,0,0.00942386732293158,0,0.341003882391394,0.941108549049157
TCGA-GN-A8LN-01A-11R-A37K-07,0.822216842830328,0,0.136749921621401,0,0,0.0366104191774608,0,0.00442281637081058,0,0.523851672455998,0.86925535734865
TCGA-GN-A9SD-06A-11R-A40A-07,0.660886005108937,0.0364172403632555,0.101475266279065,0,0,0.0518485871826201,0.0427179779136058,0.106654923152517,0,0.613037250681876,0.832751480426764
TCGA-HR-A2OG-06A-21R-A18U-07,0.505952364593206,0,0.33487380805811,0.0150890609229948,0,0.0998356765683775,0,0.0442490898573108,0,0.520917512413045,0.858944587317145
TCGA-HR-A2OH-06A-11R-A18U-07,0.597903447395371,0.000629442499730121,0.0139004762292516,0.0961274260210675,0,0.237229003402477,0,0.0542102044521027,0,0.788404183724931,0.645773380632989
TCGA-HR-A5NC-01A-11R-A27Q-07,0.92152450208773,0.000421094695342042,0.0574042242691348,0,0,0.0206501789477928,0,0,0,0.468974023173325,0.890980851656093
TCGA-IH-A3EA-01A-11R-A20F-07,0.895763638399667,0,0.0597737861988161,0,0,0.0315355902946061,0,0.0129269851069104,0,0.414151543662072,0.912788049436189
TCGA-LH-A9QB-06A-11R-A38C-07,0.879175456307539,0.0018228642309534,0.0877214316605109,0,0,0.0110548208481377,0,0.0202254269528587,0,0.599463274940232,0.839349766492421
TCGA-OD-A75X-06A-12R-A32P-07,0.920092955454369,0,0.0380413566269704,0,0,0.0334053321039165,0,0.00846035581474439,0,0.415129146090865,0.912226765177865
TCGA-QB-A6FS-06A-11R-A311-07,0.535087066331243,0.0140338575934296,0.0816871939151743,0.0902667870928074,0,0.1616253613817,0,0.117299733685646,0,0.635779571870743,0.783012402496135
TCGA-QB-AA9O-06A-11R-A39D-07,0.800926933027795,0.000451851276490479,0.0355899490388395,0.0398202123385493,0,0.0793086392789071,0,0.0439024150394184,0,0.570504392221781,0.845430117497899
TCGA-RP-A690-06A-11R-A311-07,0.857226507729674,0.00034459535501161,0.0533376496184158,0.0018866893693388,0,0.0473760278436388,0,0.0398285300839205,0,0.262355737087462,0.970167034388984
TCGA-RP-A693-06A-13R-A311-07,0.680837123549038,0,0.0854837007230932,0.0203354279904448,0,0.17855152785044,0,0.034792219886984,0,0.3280645585961,0.957758937358401
TCGA-RP-A694-06A-11R-A311-07,0.791198099972165,0,0.0905673340892129,0.00983346319378913,0,0.0898436118341812,0,0.018557490910652,0,0.486595908193769,0.880711886370782
TCGA-RP-A695-06A-11R-A311-07,0.908639145029058,0,0.0351743452008968,0.00255978249236416,0,0.0414972011879246,0,0.0121295260897566,0,0.406997696112749,0.915354275712789
TCGA-RP-A6K9-06A-41R-A352-07,0.726762709806004,0,0.0994891826943915,0.0222285068211224,0,0.143598449314139,0,0.00792115136434323,0,0.429061517762048,0.90339455211877
TCGA-W3-A824-06A-21R-A352-07,0.79515131205865,0,0.041379160229233,0.0415105399745061,0,0.101146493004037,0,0.0208124947335733,0,0.613918926578077,0.822110063058113
TCGA-W3-A825-06A-11R-A352-07,0.278915825171627,0.00139595953882719,0.444528356258012,0.0343308352921329,0,0.197723261369058,0,0.0431057623703424,0,0.455062437522949,0.898988356405785
TCGA-W3-A828-06A-11R-A352-07,0.0243639741070981,0.0134395505823605,0.873488788511533,0.00176588799373472,0,0.0626169714368788,0,0.0243248273683953,0,0.346984707984769,0.99380571365386
TCGA-W3-AA1O-06A-11R-A38C-07,0.916933183940887,0,0.0662566262839287,0,0,0.0168101897751841,0,0,0,0.371288689470414,0.929305674287384
TCGA-W3-AA1Q-06A-11R-A38C-07,0.876774954667445,0.00148229227483176,0.0457228769559662,0,0,0.027045471990277,0,0.0489744041114803,0,0.503987811200633,0.877926134617481
TCGA-W3-AA1R-06A-11R-A39D-07,0.900647445099583,0.000656126129084436,0.007679681871694,0.0341224848047674,0,0.0334002989455982,0,0.0234939631492725,0,0.401801155541449,0.917881428596048
TCGA-W3-AA1V-06B-11R-A40A-07,0.152809869192709,0,0.640602884159092,0.0359450282392888,0,0.131022091236748,0,0.0396201271721617,0,0.481412092413369,0.882482748190548
TCGA-W3-AA1W-06A-11R-A38C-07,0.506405107917046,0.00132023568777447,0.0289729274109959,0.132140723566705,0,0.255305516967929,0.00760595920011486,0.0682495292494352,0,0.88995489622067,0.522855769592977
TCGA-W3-AA21-06A-11R-A38C-07,0.947136193515398,0.0014980365260628,0.036258870192069,0,0,0.00461826779738057,0.00354387680215928,0.00694475516693065,0,0.396604523294527,0.919619818190812
TCGA-WE-A8JZ-06A-11R-A37K-07,0.940727865715935,0.000451823092963258,0.0405387493636356,0,0,0.00818623919356245,0,0.0100953226339034,0,0.596632470931504,0.838168697952899
TCGA-WE-A8K1-06A-21R-A37K-07,0.793787153967077,0.000692969030099557,0.0359622833914322,0.0534299643501209,0,0.0722083895036934,0,0.0439192397575769,0,0.345134071121599,0.939186815078651
TCGA-WE-A8K4-01A-12R-A37K-07,0.85418063755888,0.000222779309354423,0.0041998553117643,0.0647483408343322,0,0.0473803581574035,0,0.0292680288282656,0,0.563822868907204,0.85402031366813
TCGA-WE-A8K5-06A-11R-A37K-07,0.820237297541339,0,0.135519833183304,0.00436228789275092,0,0.0332957156160615,0,0.00658486576654385,0,0.44132162902537,0.902337846914738
TCGA-WE-A8K6-06A-11R-A37K-07,0.831327068761795,8.98094507658411e-05,0.12863971622541,0,0,0.0319292433564825,0.00801416220554682,0,0,0.655555575711542,0.815074688572832
TCGA-WE-A8ZM-06A-11R-A37K-07,0.859979268784075,0.0116661116692414,0.120488558700634,0,0,0.00723953666580055,0,0.000626524180249412,0,0.527384388405478,0.868349194340799
TCGA-WE-A8ZN-06A-11R-A37K-07,0.558135201468988,0.00122723791660318,0.226330507209773,0.076183865443528,0,0.0900606575445552,0,0.0480625304165526,0,0.523075736096365,0.863647505830728
TCGA-WE-A8ZO-06A-11R-A37K-07,0.828884767135393,0,0.0307691669379326,0.0194655966677323,0,0.113772214334668,0,0.00710825492427341,0,0.613722421655293,0.818355116863082
TCGA-WE-A8ZQ-06A-41R-A37K-07,0.850488733560472,0.000671305604472084,0.128410525811134,0,0,0.0200585509024853,0.000370884121436398,0,0,0.378538422109019,0.926411156832712
TCGA-WE-A8ZR-06A-11R-A37K-07,0.930358466083397,0,0.0120388235335547,0.00049734813763196,0,0.0237882622153526,0,0.0333171000300639,0,0.465301281509154,0.892548781152184
TCGA-WE-A8ZT-06A-11R-A37K-07,0.9631901385404,0.00103074258850589,0.0139945602135174,0,0,0.0082694228536611,0.00911532848830291,0.00439980731561321,0,0.24967364999137,0.975536056471013
TCGA-WE-A8ZX-06A-11R-A37K-07,0.720175501206285,0.00090730267270178,0.0904883555078026,0.0380041969450072,0,0.0944825318306603,0,0.0559421118375431,0,0.570042274232337,0.842401683383041
TCGA-WE-A8ZY-06A-11R-A37K-07,0.945418746493501,0,0.0345589026410142,0,0,0.0147260828692446,0,0.00529626799624026,0,0.436972972444267,0.903621422184067
TCGA-WE-AA9Y-06A-12R-A38C-07,0.498800258003152,0.0130063424902872,0.336011094436962,0.013975829875879,0,0.0359190703768444,0,0.102287404816875,0,0.365040201132259,0.931136348988582
TCGA-WE-AAA0-06A-11R-A38C-07,0.864373488364282,0.0155389976717101,0.0525373486953163,0,0,0.0164161284808361,0.0138508620499385,0.0372831747379172,0,0.452924767368611,0.89927335278605
TCGA-WE-AAA3-06A-11R-A38C-07,0.727128980854791,0.000184096281994455,0.115823412473753,0.0236839427573346,0,0.125126233542616,0,0.00805333408951191,0,0.358229979494171,0.93494586859236
TCGA-WE-AAA4-06A-12R-A38C-07,0.54274962179737,0.00135314957223206,0.0733031182627641,0.095974646282504,0,0.266246307634933,0,0.0203731564501968,0,0.666617028337893,0.746985847106085
TCGA-XV-A9VZ-01A-11R-A38C-07,0.365035822481405,0.045507822449718,0.52568424921912,0,0,0.0166107793000157,0,0.0471613265497418,0,0.2550793309129,0.987466828941359
TCGA-XV-A9W2-01A-11R-A39D-07,0.914031179178918,0.000589942855524075,0.0687502176157186,0,0,0.00844009680676866,0,0.00818856354307097,0,0.381074578056217,0.925618465106784
TCGA-XV-A9W5-01A-11R-A38C-07,0.818082893011927,0.000336285177945043,0.160894641618891,0,0,0.0194718365695627,0.00121434362167393,0,0,0.651223387373766,0.815962781775522
TCGA-XV-AAZV-01A-11R-A40A-07,0.753982177216317,0,0.118342639765121,0.000223117865631742,0,0.120000596316188,0.00449410812748118,0.00295736070926126,0,0.623869924767062,0.81256211260989
TCGA-XV-AAZW-01A-12R-A40A-07,0.77753825805228,0.00115871790970341,0.204210662403202,0,0,0.010826417952614,0,0.00626594368220003,0,0.500272180777779,0.878226411896772
TCGA-XV-AAZY-01A-12R-A40A-07,0.869395194350849,0.00116716675516562,0.0601441245735715,0.00409971733329393,0,0.0368334344873262,0.00330223615303745,0.0250581263467566,0,0.49215103421508,0.882440268113509
TCGA-XV-AB01-06A-12R-A40A-07,0.744789348459658,0.00576144278112504,0.0693078142767268,0.0157878162203682,0,0.0703883651224857,0,0.0939652131396363,0,0.479679455505579,0.883901270274317
TCGA-YD-A89C-06A-11R-A37K-07,0.883058639137089,0,0.105228125708567,0,0,0.010802926967078,0,0.000910308187266679,0,0.291801297393122,0.959031568065395
TCGA-YD-A9TA-06A-11R-A39D-07,0.0553747904352226,0.00151290925500096,0.645841864470427,0.0469354237219882,0,0.18447261490939,0,0.0658623972079706,0,0.449101672464503,0.917695627740871
TCGA-YD-A9TB-06A-12R-A40A-07,0.828105121918184,0.00474310188540864,0.102489249828564,0,0,0.0570330155399314,0,0.00762951082791192,0,0.42620292816127,0.907618162315893
TCGA-YG-AA3N-01A-11R-A38C-07,0.608328495506898,0.000405042552978577,0.046915259088521,0.118264966105105,0,0.194434325028171,0,0.0316519117183274,0,0.650236121592648,0.773305071196281
TCGA-YG-AA3O-06A-11R-A38C-07,0.895579859925597,0,0.0529051953564516,0.00156921245035957,0,0.0323672934958854,0,0.0175784387717061,0,0.43165395428682,0.906002921421672
TCGA-YG-AA3P-06A-11R-A38C-07,0.957741299828943,0,0.00219319511474345,0,0,0.0362315955390523,0,0.00383390951726124,0,0.323896623243815,0.947838951134934
TCGA-Z2-A8RT-06A-11R-A37K-07,0.832816077200888,0.000507459563136904,0.0271369959941001,0.0166968336458573,0,0.0619849098092573,0,0.0608577237867601,0,0.543885844338227,0.858148398668602
TCGA-Z2-AA3S-06A-11R-A39D-07,0.939180300534695,0,0,0,0,0.0512886277253418,0,0.00953107173996362,0,0.326333849501532,0.946969913661255
TCGA-Z2-AA3V-06A-11R-A39D-07,0.437267849450923,0.0199846780251327,0.0434843795922879,0.0354393951916794,0,0.393577914080918,0,0.0702457836590584,0,0.738074578584236,0.689693205565626
